Player,Pk,Height (No Shoes),Height (With Shoes),Wingspan,Standing reach,Vertical (Max),Vertical (Max Reach),Vertical (No Step),Vertical (No Step Reach),Weight,Body Fat,Hand (Length),Hand (Width),Bench,Agility,Sprint,Rk,Year,Tm,Age,Pos,Born,College,From,To,G,MPG,PPG,RPG,APG,SPG,BPG,FG%,2P%,3P%,FT%,WS,WS/48
Blake Griffin,1.0,80.5,82.0,83.25,105.0,35.5,140.5,32.0,137.0,248.0,8.2,,,22.0,10.95,3.28,19,2009,LAC,20.105999999999998,F,us,Oklahoma,2011.0,2019.0,604.0,35.0,21.9,9.0,4.5,0.9,0.5,0.502,0.522,0.342,0.6920000000000001,75.3,0.171
Terrence Williams,11.0,77.0,78.25,81.0,103.5,37.0,140.5,30.5,134.0,213.0,5.1,,,9.0,11.15,3.18,464,2009,NJN,22.003,F,us,Louisville,2010.0,2013.0,153.0,19.1,7.1,3.6,2.4,0.5,0.1,0.41200000000000003,0.43200000000000005,0.317,0.659,-0.2,-0.004
Gerald Henderson,12.0,76.0,77.0,82.25,102.5,35.0,137.5,31.5,134.0,215.0,4.4,,,8.0,11.17,3.14,258,2009,CHA,21.204,G,us,Duke,2010.0,2017.0,535.0,25.9,11.2,3.2,1.9,0.7,0.3,0.44,0.46,0.327,0.7929999999999999,18.3,0.063
Tyler Hansbrough,13.0,80.25,81.5,83.5,106.0,34.0,140.0,27.5,133.5,234.0,8.5,,,18.0,11.12,3.27,58,2009,IND,23.24,F,us,UNC,2010.0,2016.0,428.0,16.9,6.7,4.2,0.4,0.5,0.2,0.439,0.442,0.136,0.738,20.2,0.134
Earl Clark,14.0,80.5,82.25,86.5,109.5,33.0,142.5,28.5,138.0,228.0,5.2,,,5.0,11.17,3.35,329,2009,PHO,21.165,F,us,Louisville,2010.0,2015.0,261.0,13.9,4.4,3.0,0.5,0.3,0.5,0.40299999999999997,0.424,0.32799999999999996,0.664,2.9,0.038
Austin Daye,15.0,81.75,82.75,86.75,110.0,28.0,138.0,25.0,135.0,192.0,5.5,,,,12.11,3.55,287,2009,DET,21.025,F,us,Gonzaga,2010.0,2015.0,293.0,14.1,5.2,2.6,0.7,0.4,0.4,0.402,0.433,0.35100000000000003,0.778,4.5,0.053
James Johnson,16.0,79.0,79.75,84.75,105.5,35.0,140.5,30.5,136.0,257.0,12.0,,,18.0,11.21,3.23,154,2009,CHI,22.131,F,us,Wake Forest,2010.0,2020.0,603.0,20.7,8.0,3.6,2.1,0.8,0.9,0.47700000000000004,0.532,0.305,0.695,23.6,0.091
Jrue Holiday,17.0,75.25,76.25,79.0,100.5,34.0,134.5,28.5,129.0,199.0,6.3,,,6.0,10.64,3.21,174,2009,PHI,19.018,G,us,UCLA,2010.0,2020.0,656.0,33.1,15.6,3.8,6.4,1.5,0.5,0.452,0.486,0.355,0.784,39.1,0.086
Ty Lawson,18.0,71.25,72.5,72.75,94.5,36.5,131.0,29.0,123.5,197.0,6.6,,,14.0,10.98,3.12,73,2009,MIN,21.24,G,us,UNC,2010.0,2017.0,551.0,29.2,12.7,2.7,6.0,1.2,0.1,0.46,0.493,0.359,0.77,42.1,0.126
Jeff Teague,19.0,72.25,73.5,79.5,98.5,36.5,135.0,30.5,129.0,175.0,4.5,,,13.0,11.05,3.18,85,2009,ATL,21.02,G,us,Wake Forest,2010.0,2020.0,717.0,27.7,12.7,2.5,5.8,1.2,0.3,0.446,0.475,0.355,0.8420000000000001,48.9,0.11800000000000001
Hasheem Thabeet,2.0,85.25,86.5,90.25,113.0,,,,,267.0,6.7,,,,,,139,2009,MEM,22.135,C,tz,UConn,2010.0,2014.0,224.0,10.5,2.2,2.7,0.1,0.3,0.8,0.5670000000000001,0.5670000000000001,,0.578,4.8,0.099
Eric Maynor,20.0,74.25,75.25,74.5,97.0,31.5,128.5,28.5,125.5,164.0,5.4,,,8.0,10.78,3.19,323,2009,UTA,22.02,G,us,Virginia Commonwealth,2010.0,2014.0,267.0,14.6,4.3,1.3,2.8,0.4,0.1,0.392,0.409,0.35,0.721,3.3,0.040999999999999995
Darren Collison,21.0,72.25,73.5,75.0,96.5,33.5,130.0,30.5,127.0,166.0,5.7,,,9.0,10.45,3.1,93,2009,NOH,21.311999999999998,G,us,UCLA,2010.0,2019.0,708.0,29.4,12.5,2.7,5.0,1.2,0.1,0.47100000000000003,0.495,0.39399999999999996,0.853,49.9,0.115
Omri Casspi,23.0,79.75,81.25,81.25,106.5,32.5,139.0,25.5,132.0,211.0,8.6,,,2.0,11.15,3.28,213,2009,SAC,21.008000000000003,F,il,,2010.0,2019.0,588.0,20.3,7.9,4.0,1.1,0.6,0.2,0.45399999999999996,0.502,0.368,0.6779999999999999,19.6,0.078
Byron Mullens,24.0,83.75,85.25,85.5,111.0,32.5,143.5,28.5,139.5,258.0,8.5,,,10.0,11.1,3.45,390,2009,DAL,20.136,C,us,Ohio State,2010.0,2014.0,189.0,18.2,7.4,4.2,0.8,0.4,0.5,0.408,0.43799999999999994,0.319,0.706,0.6,0.008
Damion James,24.0,78.25,79.5,84.75,106.0,37.0,143.0,30.0,136.0,224.0,8.2,9.25,8.5,14.0,11.23,3.09,466,2010,ATL,22.266,G-F,us,Texas,2011.0,2014.0,39.0,16.0,3.8,3.4,0.7,0.6,0.5,0.415,0.433,0.0,0.667,0.0,-0.001
Rodrigue Beaubois,25.0,73.25,74.25,81.75,100.0,39.0,139.0,29.5,129.5,182.0,7.9,,,3.0,10.49,3.15,206,2009,OKC,21.127,G,gp,,2010.0,2013.0,182.0,15.9,7.1,1.9,2.1,0.7,0.3,0.439,0.5,0.325,0.81,4.8,0.079
Taj Gibson,26.0,80.5,81.75,88.0,109.0,30.0,139.0,25.5,134.5,214.0,6.6,,,12.0,11.56,3.41,75,2009,CHI,24.006999999999998,F,us,USC,2010.0,2020.0,742.0,25.8,9.8,6.4,1.0,0.6,1.1,0.511,0.517,0.20600000000000002,0.7090000000000001,49.7,0.125
DeMarre Carroll,27.0,78.25,79.75,82.0,105.0,,,,,207.0,6.3,,,,,,122,2009,MEM,22.339000000000002,F,us,Missouri,2010.0,2020.0,556.0,24.1,9.1,4.3,1.3,0.9,0.3,0.43,0.485,0.36,0.743,29.3,0.105
Wayne Ellington,28.0,76.25,77.25,78.5,100.0,38.0,138.0,31.5,131.5,202.0,5.5,,,13.0,11.14,3.2,265,2009,MIN,21.214000000000002,G,us,UNC,2010.0,2020.0,651.0,21.3,8.2,2.2,1.1,0.6,0.1,0.41,0.447,0.37799999999999995,0.845,17.7,0.061
Toney Douglas,29.0,73.0,74.0,78.0,97.5,32.5,130.0,28.0,125.5,183.0,5.2,,,15.0,10.63,3.03,219,2009,LAL,23.107,G,us,Florida State,2010.0,2017.0,394.0,19.1,7.6,2.2,2.3,0.9,0.1,0.40399999999999997,0.44799999999999995,0.354,0.8240000000000001,12.1,0.077
James Harden,3.0,76.0,77.25,82.75,103.5,37.0,140.5,31.5,135.0,222.0,10.1,,,17.0,11.1,3.13,2,2009,OKC,19.308,G,us,Arizona State,2010.0,2020.0,771.0,34.1,24.4,5.2,6.2,1.5,0.5,0.442,0.507,0.363,0.8590000000000001,122.5,0.223
Jermaine Taylor,32.0,75.5,76.75,80.75,101.0,37.5,138.5,34.0,135.0,207.0,5.8,,,16.0,11.54,3.32,382,2009,WAS,22.205,G,us,Central Florida,2010.0,2011.0,65.0,12.1,5.4,1.7,0.7,0.4,0.1,0.441,0.484,0.284,0.73,0.2,0.013999999999999999
Dante Cunningham,33.0,79.0,80.25,83.0,106.5,35.0,141.5,28.0,134.5,227.0,4.8,,,18.0,11.18,3.26,204,2009,POR,22.07,F,us,Villanova,2010.0,2019.0,715.0,20.8,5.8,3.7,0.7,0.6,0.5,0.469,0.494,0.345,0.649,24.9,0.08
DaJuan Summers,35.0,79.25,80.5,84.75,106.5,34.5,141.0,29.5,136.0,243.0,6.6,,,15.0,10.94,3.17,457,2009,DET,21.158,F,us,Georgetown,2010.0,2013.0,83.0,9.9,3.3,1.0,0.3,0.2,0.1,0.384,0.392,0.36700000000000005,0.642,-0.1,-0.008
Sam Young,36.0,77.25,78.75,82.75,105.5,33.0,138.5,27.5,133.0,223.0,4.9,,,,11.47,3.45,259,2009,MEM,24.03,F,us,Pitt,2010.0,2013.0,249.0,15.9,5.8,2.3,0.7,0.5,0.2,0.442,0.46799999999999997,0.28,0.742,5.2,0.063
DeJuan Blair,37.0,77.25,78.5,86.0,106.5,33.0,139.5,26.0,132.5,277.0,12.0,,,18.0,11.5,3.45,65,2009,SAS,20.069000000000003,F-C,us,Pitt,2010.0,2016.0,424.0,16.6,6.8,5.1,0.8,0.7,0.3,0.524,0.526,0.0,0.608,19.0,0.129
Tyreke Evans,4.0,76.0,77.25,83.25,104.0,34.0,138.0,28.5,132.5,221.0,7.1,,,7.0,11.81,3.17,225,2009,SAC,19.284000000000002,G-F,us,Memphis,2010.0,2019.0,594.0,30.7,15.7,4.6,4.8,1.2,0.4,0.44,0.46799999999999997,0.32299999999999995,0.757,28.4,0.075
Derrick Brown,40.0,79.5,80.5,86.5,107.5,35.5,143.0,30.5,138.0,225.0,8.6,,,20.0,11.26,3.13,181,2009,CHA,21.296,F,us,Xavier,2010.0,2012.0,171.0,14.9,5.2,2.4,0.7,0.5,0.2,0.515,0.528,0.317,0.637,4.5,0.085
Jodie Meeks,41.0,75.0,76.0,76.5,98.0,37.0,135.0,28.5,126.5,211.0,8.0,,,14.0,10.96,3.1,144,2009,MIL,21.314,G,us,Kentucky,2010.0,2019.0,539.0,22.5,9.3,2.1,1.1,0.8,0.1,0.42,0.47100000000000003,0.373,0.879,24.3,0.096
Marcus Thornton,43.0,74.75,75.75,77.0,99.0,33.0,132.0,31.0,130.0,194.0,4.8,,,14.0,10.73,3.28,182,2009,MIA,22.026,G,us,LSU,2010.0,2017.0,483.0,23.4,11.9,2.8,1.4,0.8,0.1,0.425,0.47100000000000003,0.358,0.83,20.0,0.085
Chase Budinger,44.0,78.25,79.0,79.0,101.0,38.5,139.5,29.5,130.5,206.0,10.0,,,10.0,11.08,3.24,194,2009,DET,21.039,F,us,Arizona,2010.0,2016.0,407.0,19.7,7.9,3.0,1.2,0.5,0.2,0.43,0.486,0.35200000000000004,0.797,13.9,0.083
Danny Green,46.0,77.25,78.5,82.0,103.0,33.0,136.0,29.0,132.0,208.0,5.6,,,15.0,11.3,3.3,82,2009,CLE,22.009,G-F,us,UNC,2010.0,2020.0,626.0,25.5,9.0,3.5,1.6,1.0,0.8,0.425,0.457,0.405,0.815,39.8,0.12
Gani Lawal,46.0,79.75,81.0,84.0,106.0,34.5,140.5,30.0,136.0,229.0,7.2,8.5,10.0,17.0,11.93,3.34,455,2010,PHO,21.234,F,us,Georgia Tech,2011.0,2011.0,1.0,2.0,0.0,0.0,0.0,0.0,0.0,,,,,0.0,-0.009000000000000001
A.J. Price,52.0,72.5,74.0,75.75,97.0,31.0,128.0,26.0,123.0,193.0,12.4,,,11.0,10.99,3.22,272,2009,IND,22.267,G,us,UConn,2010.0,2015.0,261.0,15.1,5.8,1.4,2.2,0.5,0.0,0.38,0.439,0.316,0.742,4.7,0.057999999999999996
Luke Harangody,52.0,78.25,80.0,81.75,106.0,31.0,137.0,27.0,133.0,240.0,11.2,8.75,9.75,23.0,11.15,3.33,301,2010,BOS,22.179000000000002,F,us,Notre Dame,2011.0,2012.0,70.0,12.4,3.6,2.8,0.5,0.3,0.3,0.376,0.44,0.24100000000000002,0.737,0.9,0.048
Jonny Flynn,6.0,71.25,72.75,76.0,95.5,40.0,135.5,33.0,128.5,196.0,6.3,,,10.0,10.86,3.23,451,2009,MIN,20.144000000000002,G,us,Syracuse,2010.0,2012.0,163.0,22.9,9.2,1.9,3.9,0.7,0.0,0.4,0.42,0.33799999999999997,0.809,-1.1,-0.015
Stephen Curry,7.0,74.0,75.25,75.5,97.0,35.5,132.5,29.5,126.5,181.0,5.7,,,10.0,11.07,3.28,7,2009,GSW,21.108,G,us,Davidson,2010.0,2020.0,698.0,34.3,23.5,4.5,6.6,1.7,0.2,0.47600000000000003,0.515,0.435,0.905,103.1,0.20600000000000002
Jordan Hill,8.0,81.25,82.25,85.5,108.0,35.0,143.0,31.0,139.0,232.0,6.0,,,11.0,12.23,3.3,130,2009,NYK,21.339000000000002,C-F,us,Arizona,2010.0,2017.0,409.0,18.8,7.9,5.8,0.8,0.4,0.7,0.49700000000000005,0.499,0.136,0.6990000000000001,16.4,0.102
John Wall,1.0,74.75,76.0,81.25,101.5,39.0,140.5,30.0,131.5,196.0,5.6,8.25,9.5,,10.84,3.14,125,2010,WAS,19.296,G,us,Kentucky,2011.0,2019.0,573.0,35.9,19.0,4.3,9.2,1.7,0.7,0.433,0.457,0.324,0.7809999999999999,44.3,0.10400000000000001
Paul George,10.0,79.75,80.75,83.25,107.0,,,,,214.0,5.0,8.5,9.0,4.0,,,35,2010,IND,20.058,F,us,Fresno State,2011.0,2019.0,604.0,33.8,19.8,6.4,3.3,1.8,0.4,0.433,0.47,0.37799999999999995,0.8440000000000001,65.2,0.153
Cole Aldrich,11.0,81.0,83.25,88.75,111.5,28.0,139.5,23.0,134.5,236.0,8.5,9.0,9.25,10.0,11.48,3.35,55,2010,NOH,21.241,C,us,Kansas,2011.0,2018.0,339.0,10.0,3.1,3.3,0.5,0.4,0.7,0.527,0.527,,0.738,9.6,0.135
Xavier Henry,12.0,77.25,78.5,83.25,105.0,36.5,141.5,28.5,133.5,210.0,4.7,8.75,10.0,8.0,11.1,3.18,384,2010,MEM,19.105999999999998,G,be,Kansas,2011.0,2015.0,185.0,15.7,5.7,1.9,0.6,0.5,0.1,0.406,0.419,0.325,0.635,0.8,0.013000000000000001
Ed Davis,13.0,81.0,81.75,84.0,108.0,36.0,144.0,31.0,139.0,227.0,10.0,9.25,10.0,,11.7,3.21,36,2010,TOR,21.024,F,us,UNC,2011.0,2020.0,646.0,20.2,6.5,6.8,0.8,0.5,0.8,0.569,0.57,0.0,0.583,41.4,0.153
Patrick Patterson,14.0,80.0,81.25,85.25,107.0,33.5,140.5,28.5,135.5,240.0,5.3,9.25,10.25,17.0,11.14,3.25,134,2010,HOU,21.107,F,us,Kentucky,2011.0,2020.0,629.0,21.8,6.9,4.1,1.1,0.6,0.5,0.449,0.499,0.36700000000000005,0.748,28.9,0.10099999999999999
Larry Sanders,15.0,81.25,82.5,89.75,112.0,28.0,140.0,25.5,137.5,222.0,4.6,9.75,11.0,7.0,12.49,3.27,117,2010,MIL,21.22,C-F,us,Virginia Commonwealth,2011.0,2017.0,238.0,19.5,6.4,5.7,0.7,0.6,1.8,0.48,0.48100000000000004,0.0,0.5529999999999999,10.3,0.107
Luke Babbitt,16.0,79.5,80.75,83.25,104.5,37.5,142.0,29.5,134.0,218.0,5.6,8.5,10.0,15.0,10.98,3.4,251,2010,MIN,21.009,F,us,Nevada,2011.0,2018.0,381.0,14.0,4.8,2.2,0.6,0.2,0.2,0.408,0.41700000000000004,0.402,0.747,7.2,0.065
Eric Bledsoe,18.0,72.25,73.5,79.5,98.0,,,,,192.0,5.6,8.5,9.75,9.0,,,108,2010,OKC,20.202,G,us,Kentucky,2011.0,2020.0,576.0,27.9,14.1,3.9,4.8,1.5,0.5,0.45399999999999996,0.503,0.33399999999999996,0.7929999999999999,37.3,0.111
Avery Bradley,19.0,74.0,75.25,79.25,98.5,37.5,136.0,31.5,130.0,180.0,4.0,8.25,9.5,2.0,11.47,3.14,300,2010,BOS,19.215,G,us,Texas,2011.0,2020.0,528.0,28.6,12.0,3.0,1.8,1.0,0.2,0.436,0.47100000000000003,0.364,0.777,15.0,0.048
Evan Turner,2.0,77.75,79.0,80.0,103.5,34.5,138.0,27.5,131.0,214.0,8.6,8.75,9.5,9.0,11.06,3.27,288,2010,PHI,21.245,G,us,Ohio State,2011.0,2020.0,689.0,27.2,9.8,4.7,3.5,0.8,0.3,0.435,0.45899999999999996,0.29600000000000004,0.7809999999999999,20.7,0.053
James Anderson,20.0,76.75,77.75,80.5,104.0,35.5,139.5,30.0,134.0,208.0,7.9,9.0,7.0,14.0,11.86,3.19,332,2010,SAS,21.096,G-F,us,Oklahoma State,2011.0,2016.0,247.0,17.5,5.8,2.3,1.2,0.5,0.2,0.41100000000000003,0.495,0.321,0.755,3.3,0.037000000000000005
Craig Brackins,21.0,80.5,81.75,84.0,109.0,35.0,144.0,26.0,135.0,229.0,7.9,9.5,11.25,6.0,11.65,3.39,419,2010,OKC,22.264,F,us,Iowa State,2011.0,2012.0,17.0,7.1,1.8,1.1,0.5,0.1,0.1,0.265,0.28600000000000003,0.214,0.5,-0.2,-0.08900000000000001
Trevor Booker,23.0,78.25,79.5,81.75,106.0,36.0,142.0,31.0,137.0,236.0,7.3,9.0,9.5,22.0,11.15,3.1,91,2010,MIN,22.217,F,us,Clemson,2011.0,2018.0,532.0,20.4,6.9,5.5,1.1,0.7,0.5,0.515,0.534,0.305,0.636,26.2,0.11599999999999999
Dominique Jones,25.0,75.25,77.0,81.25,101.0,32.5,133.5,26.0,127.0,216.0,5.9,9.0,10.25,19.0,10.88,3.31,374,2010,MEM,21.256999999999998,G,us,University of South Florida,2011.0,2013.0,80.0,9.3,3.1,1.4,1.8,0.4,0.1,0.366,0.39299999999999996,0.095,0.7290000000000001,0.3,0.017
Jordan Crawford,27.0,75.0,76.5,79.0,101.0,34.5,135.5,31.5,132.5,198.0,4.9,8.0,9.0,7.0,11.03,3.37,311,2010,NJN,21.249000000000002,G,us,Xavier,2011.0,2018.0,281.0,24.4,12.2,2.5,3.1,0.7,0.1,0.41100000000000003,0.45799999999999996,0.317,0.826,6.3,0.044000000000000004
Daniel Orton,29.0,80.75,81.5,88.25,110.5,30.5,141.0,24.0,134.5,269.0,13.8,8.5,9.75,13.0,12.32,3.39,149,2010,ORL,19.327,C-F,us,Kentucky,2012.0,2014.0,51.0,10.6,2.8,2.5,0.5,0.4,0.5,0.485,0.49,0.0,0.597,1.0,0.09300000000000001
Derrick Favors,3.0,80.75,82.25,88.0,110.0,35.5,145.5,31.5,141.5,245.0,6.5,8.75,9.25,14.0,11.74,3.25,46,2010,NJN,18.349,F-C,us,Georgia Tech,2011.0,2020.0,635.0,25.7,11.6,7.2,1.1,0.8,1.3,0.525,0.535,0.20800000000000002,0.664,49.5,0.146
Lazar Hayward,30.0,76.5,77.75,84.75,102.0,36.0,138.0,31.0,133.0,226.0,7.5,9.25,9.5,15.0,10.87,3.31,370,2010,WAS,23.215999999999998,F,us,Marquette,2011.0,2013.0,72.0,8.2,2.9,1.3,0.5,0.2,0.1,0.34700000000000003,0.395,0.26899999999999996,0.767,0.2,0.02
Dexter Pittman,32.0,81.5,83.5,90.0,111.0,,,,,303.0,20.8,10.25,10.5,,,,244,2010,MIA,22.119,C,us,Texas,2011.0,2014.0,50.0,6.9,2.3,1.8,0.2,0.2,0.2,0.45,0.45,,0.545,0.5,0.068
Hassan Whiteside,33.0,82.5,83.5,91.0,113.0,31.5,144.5,27.0,140.0,227.0,5.5,8.25,10.25,12.0,11.83,3.54,10,2010,SAC,21.016,C,us,Marshall,2011.0,2020.0,348.0,26.0,13.4,11.4,0.6,0.6,2.3,0.575,0.5770000000000001,0.222,0.596,37.3,0.198
Armon Johnson,34.0,74.0,75.25,80.0,99.5,38.5,138.0,31.5,131.0,195.0,5.6,8.25,9.25,18.0,11.25,3.19,452,2010,POR,21.125999999999998,G,us,Nevada,2011.0,2012.0,47.0,8.5,3.3,1.0,1.2,0.2,0.0,0.45799999999999996,0.465,0.4,0.679,-0.1,-0.015
Darington Hobson,37.0,77.25,78.5,81.25,104.5,34.0,138.5,29.0,133.5,204.0,6.2,8.25,9.0,,11.68,3.25,408,2010,MIL,22.274,G,us,New Mexico,2012.0,2012.0,5.0,7.8,0.8,0.6,1.2,0.0,0.0,0.154,0.28600000000000003,0.0,,-0.2,-0.225
Andy Rautins,38.0,76.25,77.0,79.0,100.0,30.5,130.5,23.5,123.5,192.0,6.2,8.0,9.75,8.0,11.27,3.49,405,2010,NYK,23.24,G,us,Syracuse,2011.0,2011.0,5.0,4.8,1.6,0.2,0.6,0.2,0.0,0.429,0.667,0.25,0.5,-0.2,-0.314
Wesley Johnson,4.0,78.25,79.25,85.0,106.0,37.0,143.0,32.0,138.0,206.0,4.6,9.0,9.5,16.0,11.43,3.14,330,2010,MIN,22.354,F-G,us,Syracuse,2011.0,2019.0,609.0,22.1,7.0,3.2,1.1,0.8,0.7,0.40399999999999997,0.46,0.337,0.741,10.7,0.038
Lance Stephenson,40.0,76.5,77.75,82.5,103.0,33.0,136.0,27.0,130.0,227.0,9.3,9.0,10.25,10.0,11.39,3.38,245,2010,IND,19.297,G-F,us,Cincinnati,2011.0,2019.0,508.0,23.4,8.6,4.2,2.9,0.7,0.1,0.444,0.494,0.315,0.685,16.7,0.068
Jarvis Varnado,41.0,80.25,82.0,87.5,109.5,32.5,142.0,29.5,139.0,210.0,9.5,9.25,9.5,3.0,11.61,3.37,164,2010,MIA,22.12,F,us,Mississippi State,2013.0,2014.0,37.0,10.7,2.9,1.9,0.4,0.3,0.8,0.5820000000000001,0.5820000000000001,,0.518,0.7,0.08900000000000001
Devin Ebanks,43.0,79.0,80.25,84.25,107.5,32.0,139.5,23.5,131.0,208.0,7.9,8.25,9.0,6.0,11.69,3.44,336,2010,LAL,20.244,F,us,West Virginia,2011.0,2013.0,63.0,11.3,3.6,1.9,0.4,0.3,0.2,0.385,0.418,0.222,0.722,0.5,0.035
Jerome Jordan,44.0,83.5,84.75,89.25,113.0,,,,,244.0,6.9,9.0,10.25,,,,23,2010,MIL,23.274,C,jm,Tulsa,2012.0,2015.0,65.0,7.6,2.8,2.0,0.3,0.1,0.3,0.528,0.528,,0.852,1.7,0.168
DeMarcus Cousins,5.0,81.5,82.75,89.75,113.0,27.5,140.5,23.5,136.5,292.0,16.4,9.25,10.0,,11.4,3.55,89,2010,SAC,19.32,C-F,us,Kentucky,2011.0,2019.0,565.0,32.0,21.2,10.9,3.2,1.4,1.2,0.461,0.47700000000000004,0.332,0.737,44.1,0.11699999999999999
Solomon Alabi,50.0,83.5,84.75,89.0,113.0,26.0,139.0,22.5,135.5,237.0,5.0,9.25,9.25,10.0,13.2,3.68,389,2010,DAL,22.1,C,ng,Florida State,2011.0,2012.0,26.0,7.0,1.5,2.3,0.2,0.2,0.4,0.314,0.314,,0.7,0.0,0.01
Willie Warren,54.0,74.5,75.75,78.0,99.5,31.5,131.0,23.0,122.5,208.0,7.6,8.5,9.5,10.0,11.21,3.5,252,2010,LAC,20.25,G,us,Oklahoma,2011.0,2011.0,19.0,7.1,1.9,0.6,1.4,0.3,0.0,0.371,0.4,0.33299999999999996,0.75,0.2,0.065
Derrick Caracter,58.0,80.25,81.5,84.25,107.25,30.5,137.75,25.0,132.25,280.0,12.8,9.0,10.25,22.0,12.78,3.61,275,2010,LAL,22.055999999999997,F,us,Texas-El Paso,2011.0,2011.0,41.0,5.2,2.0,1.0,0.2,0.1,0.2,0.485,0.485,,0.7390000000000001,0.3,0.057
Ekpe Udoh,6.0,80.75,81.75,88.5,106.5,33.5,140.0,31.0,137.5,237.0,8.0,9.5,8.75,10.0,11.15,3.29,169,2010,GSW,23.041,C-F,us,Baylor,2011.0,2019.0,384.0,14.8,3.5,2.9,0.7,0.5,1.1,0.45299999999999996,0.455,0.0,0.718,10.4,0.08800000000000001
Greg Monroe,7.0,81.75,83.0,86.25,108.5,29.0,137.5,25.0,133.5,247.0,11.2,8.75,9.5,15.0,12.1,3.35,54,2010,DET,20.025,C-F,us,Georgetown,2011.0,2019.0,632.0,27.7,13.2,8.3,2.1,1.1,0.6,0.514,0.515,0.059000000000000004,0.7040000000000001,49.7,0.136
Al-Farouq Aminu,8.0,79.25,80.5,87.25,108.5,33.5,142.0,27.0,135.5,216.0,8.2,9.5,9.5,13.0,11.29,3.3,214,2010,LAC,19.281,F,us,Wake Forest,2011.0,2020.0,676.0,25.2,7.7,6.1,1.2,1.0,0.6,0.42200000000000004,0.46799999999999997,0.33799999999999997,0.745,27.5,0.078
Gordon Hayward,9.0,78.75,80.0,79.75,103.0,34.5,137.5,30.5,133.5,211.0,6.9,8.5,9.25,10.0,11.73,3.22,67,2010,UTA,20.098,F-G,us,Butler,2011.0,2020.0,594.0,30.6,15.1,4.2,3.4,1.0,0.4,0.446,0.483,0.366,0.821,48.4,0.128
Jimmer Fredette,10.0,72.75,74.5,76.5,96.5,33.0,129.5,28.0,124.5,196.0,7.7,8.0,8.5,14.0,10.42,3.21,339,2011,MIL,22.123,G,us,BYU,2012.0,2019.0,241.0,13.3,6.0,1.0,1.4,0.4,0.0,0.409,0.434,0.37200000000000005,0.879,2.2,0.033
Klay Thompson,11.0,77.75,79.25,81.0,103.5,31.5,135.0,26.5,130.0,206.0,8.0,8.75,9.25,5.0,10.99,3.24,110,2011,GSW,21.14,G-F,us,Washington State,2012.0,2019.0,615.0,33.1,19.5,3.5,2.3,0.9,0.5,0.45899999999999996,0.491,0.419,0.848,46.8,0.11
Alec Burks,12.0,77.0,78.0,82.0,103.5,36.0,139.5,29.0,132.5,193.0,5.1,9.0,8.25,5.0,10.96,3.17,246,2011,UTA,19.343,G,us,Colorado,2012.0,2020.0,432.0,21.1,9.5,3.0,1.7,0.6,0.2,0.423,0.444,0.35700000000000004,0.7709999999999999,13.0,0.068
Markieff Morris,13.0,79.75,81.25,82.75,106.5,31.5,138.0,27.0,133.5,241.0,10.2,8.5,8.25,11.0,,3.4,229,2011,PHO,21.299,F,us,Kansas,2012.0,2020.0,586.0,26.0,11.6,5.5,1.7,0.9,0.6,0.449,0.48100000000000004,0.33799999999999997,0.777,23.6,0.07400000000000001
Marcus Morris,14.0,79.0,80.75,82.0,105.5,33.0,138.5,29.0,134.5,230.0,8.0,8.25,8.5,11.0,,3.15,158,2011,HOU,21.299,F,us,Kansas,2012.0,2020.0,552.0,26.6,11.6,4.6,1.5,0.7,0.3,0.431,0.474,0.36200000000000004,0.75,27.4,0.09
Kawhi Leonard,15.0,78.0,79.0,87.0,106.0,32.0,138.0,25.5,131.5,227.0,5.4,9.75,11.25,3.0,11.45,3.15,3,2011,IND,19.364,F,us,San Diego State,2012.0,2020.0,473.0,30.8,17.8,6.3,2.4,1.8,0.7,0.494,0.537,0.38299999999999995,0.848,66.9,0.22
Iman Shumpert,17.0,76.25,77.5,81.5,99.5,42.0,141.5,36.5,136.0,222.0,6.5,9.0,9.0,18.0,11.1,3.18,281,2011,NYK,21.002,G,us,Georgia Tech,2012.0,2019.0,446.0,25.2,7.3,3.4,1.9,1.1,0.3,0.39299999999999996,0.43799999999999994,0.34,0.7659999999999999,12.9,0.055
Chris Singleton,18.0,79.75,81.0,85.0,103.5,37.5,141.0,30.5,134.0,230.0,7.4,9.25,10.0,15.0,11.33,3.09,321,2011,WAS,21.219,F,us,Florida State,2012.0,2014.0,148.0,17.6,4.1,3.2,0.6,0.8,0.4,0.376,0.4,0.319,0.633,2.3,0.042
Tobias Harris,19.0,78.5,79.75,83.0,103.5,37.5,141.0,31.5,135.0,223.0,8.4,8.75,9.0,12.0,10.96,3.17,95,2011,CHA,18.347,F,us,Tennessee,2012.0,2020.0,551.0,30.4,15.5,6.0,1.9,0.7,0.5,0.47100000000000003,0.513,0.364,0.8220000000000001,40.1,0.115
Derrick Williams,2.0,79.25,80.75,85.5,108.0,34.5,142.5,29.0,137.0,248.0,10.8,9.0,9.75,19.0,11.03,3.23,224,2011,MIN,20.034000000000002,F,us,Arizona,2012.0,2018.0,428.0,20.7,8.9,4.0,0.7,0.5,0.3,0.434,0.484,0.3,0.71,14.1,0.076
Nolan Smith,21.0,73.5,75.5,77.5,99.0,34.0,133.0,28.5,127.5,188.0,5.6,8.5,9.25,9.0,11.05,3.17,426,2011,POR,22.338,G,us,Duke,2012.0,2013.0,84.0,9.9,3.3,1.0,1.2,0.3,0.0,0.371,0.40700000000000003,0.26,0.7140000000000001,-0.8,-0.047
Kenneth Faried,22.0,78.0,79.5,84.0,108.0,35.0,143.0,30.5,138.5,225.0,6.3,8.5,10.25,16.0,11.35,3.26,30,2011,DEN,21.221,F,us,Morehead State University,2012.0,2019.0,478.0,24.5,11.4,8.1,1.0,0.7,0.8,0.546,0.55,0.222,0.654,38.8,0.159
Jordan Hamilton,26.0,78.75,80.5,81.5,104.0,32.0,136.0,25.0,129.0,228.0,9.8,9.0,9.25,7.0,11.47,3.3,241,2011,DAL,20.265,G-F,us,Texas,2012.0,2016.0,151.0,13.9,5.9,2.8,0.8,0.5,0.2,0.408,0.451,0.35700000000000004,0.67,3.0,0.069
Norris Cole,28.0,72.25,73.75,74.25,95.5,38.5,134.0,29.5,125.0,174.0,4.7,8.5,9.5,11.0,10.07,3.22,371,2011,CHI,22.258000000000003,G,us,Cleveland State University,2012.0,2017.0,360.0,22.3,7.0,2.0,2.7,0.8,0.1,0.40700000000000003,0.436,0.324,0.743,3.0,0.018000000000000002
Cory Joseph,29.0,74.0,75.25,77.5,99.0,35.0,134.0,27.5,126.5,186.0,9.7,8.5,10.5,5.0,10.75,3.27,155,2011,SAS,19.312,G,ca,Texas,2012.0,2020.0,535.0,21.4,6.9,2.6,2.8,0.8,0.2,0.44299999999999995,0.47700000000000004,0.326,0.764,21.8,0.091
Enes Kanter,3.0,81.75,83.25,85.5,109.5,32.5,142.0,26.0,135.5,259.0,5.9,9.5,10.75,14.0,11.3,3.26,43,2011,UTA,19.038,C,ch,,2012.0,2020.0,584.0,22.2,11.9,7.6,0.8,0.4,0.4,0.541,0.5479999999999999,0.292,0.778,39.7,0.147
Jimmy Butler,30.0,78.0,79.75,79.5,101.5,39.0,140.5,32.0,133.5,222.0,5.4,9.0,9.0,14.0,11.92,3.15,13,2011,CHI,21.287,F-G,us,Marquette,2012.0,2020.0,526.0,32.9,16.7,4.9,3.5,1.6,0.5,0.45299999999999996,0.486,0.34,0.8340000000000001,66.6,0.184
Justin Harper,32.0,80.0,80.75,83.75,106.0,33.0,139.0,28.5,134.5,228.0,4.0,9.0,9.25,19.0,11.92,3.3,417,2011,CLE,21.302,F,us,University of Richmond,2012.0,2017.0,22.0,6.8,2.0,0.8,0.2,0.1,0.1,0.34,0.41700000000000004,0.276,0.33299999999999996,-0.3,-0.09300000000000001
Kyle Singler,33.0,79.5,80.5,82.1,106.0,30.0,136.0,23.0,129.0,228.0,10.0,8.25,8.75,10.0,11.22,3.21,262,2011,DET,23.055,F,us,Duke,2013.0,2018.0,356.0,21.9,6.5,2.9,0.8,0.6,0.3,0.418,0.45799999999999996,0.36200000000000004,0.7859999999999999,10.0,0.062
Shelvin Mack,34.0,73.0,74.5,79.5,96.5,39.0,135.5,32.0,128.5,209.0,7.1,8.25,9.25,17.0,11.23,3.18,270,2011,WAS,21.066999999999997,G,us,Butler,2012.0,2019.0,456.0,18.4,6.6,2.0,3.1,0.7,0.1,0.423,0.47,0.33,0.731,10.3,0.059000000000000004
Tyler Honeycutt,35.0,78.75,80.25,81.0,105.0,37.0,142.0,30.0,135.0,187.0,5.3,8.5,9.5,,11.68,3.07,424,2011,SAC,20.348,F,us,UCLA,2012.0,2013.0,24.0,5.0,1.2,1.0,0.4,0.2,0.2,0.314,0.33299999999999996,0.2,0.7140000000000001,-0.1,-0.049
Jordan Williams,36.0,79.75,81.0,84.25,106.5,30.5,137.0,25.0,131.5,247.0,12.1,9.25,10.0,10.0,12.74,3.45,136,2011,NJN,20.26,F,us,Maryland,2012.0,2012.0,43.0,14.8,4.6,3.6,0.3,0.5,0.3,0.507,0.507,,0.652,1.3,0.10099999999999999
Trey Thompkins,37.0,80.5,81.75,85.0,107.5,30.5,138.0,27.5,135.0,239.0,15.5,9.25,9.75,15.0,11.72,3.41,399,2011,LAC,21.039,F,us,Georgia,2012.0,2012.0,24.0,5.0,2.4,1.0,0.1,0.1,0.1,0.39299999999999996,0.41700000000000004,0.308,0.7140000000000001,0.0,0.004
Chandler Parsons,38.0,80.75,81.75,81.5,104.5,31.5,136.0,25.5,130.0,221.0,7.0,8.25,10.0,4.0,11.05,3.29,121,2011,HOU,22.246,F,us,Florida,2012.0,2019.0,435.0,30.3,12.8,4.5,2.8,0.9,0.3,0.462,0.522,0.373,0.713,29.0,0.106
Jeremy Tyler,39.0,81.0,82.5,89.0,110.5,33.5,144.0,28.0,138.5,262.0,13.4,9.25,9.0,10.0,11.26,3.29,383,2011,CHA,20.007,C,us,,2012.0,2014.0,104.0,9.9,3.6,2.6,0.2,0.2,0.4,0.45,0.451,0.0,0.557,0.3,0.013999999999999999
Tristan Thompson,4.0,79.5,80.75,85.25,108.5,35.0,143.5,30.0,138.5,227.0,6.2,8.75,9.25,9.0,10.92,3.26,78,2011,CLE,20.107,F-C,ca,Texas,2012.0,2020.0,568.0,27.9,9.3,8.6,0.9,0.5,0.7,0.52,0.521,0.091,0.608,40.8,0.124
Jon Leuer,40.0,82.0,83.5,84.0,105.5,36.5,142.0,29.5,135.0,223.0,5.4,8.75,9.75,17.0,10.82,3.36,118,2011,MIL,22.045,F,us,Wisconsin,2012.0,2019.0,377.0,15.8,6.4,3.8,0.8,0.4,0.3,0.484,0.52,0.32799999999999996,0.767,13.2,0.107
Darius Morris,41.0,75.25,77.25,79.5,102.0,32.0,134.0,24.5,126.5,190.0,5.3,8.75,10.0,12.0,11.0,3.2,454,2011,LAL,20.176,G,us,Michigan,2012.0,2015.0,132.0,11.1,3.3,1.0,1.4,0.3,0.0,0.384,0.41600000000000004,0.322,0.63,-0.3,-0.01
Malcolm Lee,43.0,76.0,77.5,81.75,101.5,35.5,137.0,30.0,131.5,198.0,5.9,8.5,9.5,17.0,11.2,3.09,326,2011,CHI,21.037,G,us,UCLA,2012.0,2015.0,36.0,14.8,3.9,1.8,1.4,0.6,0.3,0.382,0.41200000000000003,0.294,0.703,0.4,0.04
Charles Jenkins,44.0,73.5,75.25,79.5,96.5,34.0,130.5,29.5,126.0,216.0,4.3,8.5,9.0,16.0,11.68,3.18,375,2011,GSW,22.12,G,us,Hofstra,2012.0,2013.0,110.0,12.1,3.7,0.9,1.9,0.4,0.1,0.434,0.449,0.182,0.754,0.5,0.017
Andrew Goudelock,46.0,73.25,74.75,76.25,96.5,37.0,133.5,32.5,129.0,198.0,9.9,8.25,9.25,4.0,10.33,3.1,400,2011,LAL,22.203000000000003,G,us,College of Charleston,2012.0,2016.0,49.0,9.7,4.0,0.7,0.5,0.2,0.0,0.39299999999999996,0.429,0.345,0.875,0.0,0.003
Travis Leslie,47.0,75.0,76.25,82.5,103.0,40.5,143.5,33.0,136.0,205.0,8.1,8.75,9.25,10.0,11.0,3.13,268,2011,LAC,21.090999999999998,G,us,Georgia,2012.0,2012.0,10.0,4.5,1.4,0.9,0.5,0.2,0.2,0.35700000000000004,0.35700000000000004,,0.444,0.1,0.06
Keith Benson,48.0,82.0,83.0,87.75,109.5,36.0,145.5,31.5,141.0,217.0,6.1,9.5,11.0,12.0,11.88,3.35,462,2011,ATL,22.319000000000003,C,us,Oakland,2012.0,2012.0,3.0,3.0,0.0,1.0,0.0,0.0,0.0,0.0,0.0,,,0.0,-0.005
Josh Selby,49.0,73.75,75.0,77.25,98.0,42.0,140.0,29.5,127.5,195.0,7.9,8.5,9.0,5.0,11.13,3.2,415,2011,MEM,20.093,G,us,Kansas,2012.0,2013.0,38.0,7.8,2.2,0.5,0.9,0.2,0.0,0.33,0.384,0.14300000000000002,0.72,-0.7,-0.113
DeAndre Liggins,53.0,77.0,78.25,83.0,103.5,31.0,134.5,27.0,130.5,202.0,5.0,8.75,10.0,6.0,,3.33,327,2011,ORL,23.089000000000002,G,us,Kentucky,2012.0,2018.0,177.0,10.8,2.0,1.4,0.7,0.6,0.2,0.402,0.43200000000000005,0.35200000000000004,0.5489999999999999,1.6,0.04
E'Twaun Moore,55.0,74.5,76.0,81.5,99.5,34.5,134.0,32.0,131.5,191.0,7.6,9.0,10.0,,11.12,3.31,273,2011,BOS,22.123,G-F,us,Purdue,2012.0,2020.0,516.0,21.6,8.0,2.0,1.8,0.7,0.2,0.45799999999999996,0.491,0.392,0.7440000000000001,13.5,0.057999999999999996
Isaiah Thomas,60.0,68.75,70.25,73.75,91.5,40.0,131.5,31.5,123.0,186.0,6.7,8.25,9.0,13.0,10.49,3.14,38,2011,SAC,22.141,G,us,Washington,2012.0,2020.0,488.0,29.3,18.6,2.5,5.1,0.9,0.1,0.43700000000000006,0.48700000000000004,0.36,0.8740000000000001,45.5,0.152
Brandon Knight,8.0,73.5,75.25,78.75,98.5,37.5,136.0,29.0,127.5,177.0,4.2,8.25,9.5,10.0,10.74,3.07,312,2011,DET,19.208,G,us,Kentucky,2012.0,2020.0,423.0,30.0,14.4,3.2,4.0,0.9,0.2,0.413,0.445,0.354,0.8109999999999999,11.6,0.044000000000000004
Kemba Walker,9.0,71.5,73.0,75.5,91.5,39.5,131.0,32.0,123.5,184.0,5.9,8.0,9.0,7.0,10.87,3.16,99,2011,CHA,21.051,G,us,UConn,2012.0,2020.0,610.0,34.1,19.9,3.8,5.5,1.3,0.4,0.418,0.452,0.358,0.8370000000000001,49.4,0.114
Anthony Davis,1.0,81.25,82.5,89.5,108.0,,,,,222.0,7.9,9.0,8.5,,,,5,2012,NOH,19.114,F-C,us,Kentucky,2013.0,2020.0,472.0,34.6,23.8,10.5,2.1,1.4,2.4,0.516,0.5329999999999999,0.311,0.797,73.2,0.215
Austin Rivers,10.0,75.5,77.0,79.25,96.5,37.5,134.0,32.5,129.0,203.0,6.2,8.5,10.0,1.0,11.54,3.32,334,2012,NOH,19.336,G,us,Duke,2013.0,2020.0,490.0,24.5,9.2,2.0,2.4,0.7,0.2,0.41700000000000004,0.46,0.34700000000000003,0.637,9.1,0.036000000000000004
Meyers Leonard,11.0,83.75,85.25,87.0,108.0,32.5,140.5,30.0,138.0,250.0,5.7,9.25,11.0,19.0,11.34,3.41,114,2012,POR,20.127,C-F,us,Illinois,2013.0,2020.0,399.0,15.6,5.6,3.8,0.9,0.2,0.3,0.48200000000000004,0.544,0.39,0.8240000000000001,14.1,0.10800000000000001
Jeremy Lamb,12.0,76.0,77.25,83.0,102.0,38.0,140.0,31.5,133.5,179.0,4.5,8.75,9.25,5.0,10.98,3.25,102,2012,HOU,20.034000000000002,G-F,us,UConn,2013.0,2020.0,439.0,20.6,10.3,3.7,1.6,0.7,0.4,0.444,0.5,0.33799999999999997,0.853,21.2,0.113
Kendall Marshall,13.0,75.25,76.25,77.5,96.0,37.0,133.0,31.0,127.0,198.0,7.8,8.5,9.0,,12.03,3.23,380,2012,PHO,20.319000000000003,G,us,UNC,2013.0,2016.0,160.0,19.3,5.0,1.6,4.9,0.7,0.1,0.39899999999999997,0.42200000000000004,0.37,0.611,1.0,0.015
John Henson,14.0,81.0,82.5,89.0,112.0,30.0,142.0,25.5,137.5,216.0,8.6,9.25,10.0,5.0,,,100,2012,MIL,21.188000000000002,C-F,us,UNC,2013.0,2020.0,406.0,20.1,7.8,5.4,1.1,0.5,1.5,0.539,0.544,0.267,0.569,19.3,0.114
Royce White,16.0,79.0,80.0,84.0,104.5,,,,,261.0,10.6,9.5,11.5,,,,414,2012,HOU,21.085,F,us,Iowa State,2014.0,2014.0,3.0,3.0,0.0,0.0,0.0,0.0,0.0,0.0,0.0,,,0.0,-0.121
Tyler Zeller,17.0,83.25,84.5,84.0,104.5,34.0,138.5,30.0,134.5,247.0,6.4,9.0,9.75,16.0,11.13,3.4,103,2012,DAL,22.168000000000003,F-C,us,UNC,2013.0,2019.0,412.0,17.6,7.0,4.4,0.9,0.3,0.6,0.509,0.512,0.28600000000000003,0.764,17.1,0.113
Terrence Jones,18.0,80.25,81.5,86.25,107.0,34.5,141.5,29.5,136.5,252.0,7.7,9.0,10.0,12.0,11.57,3.4,70,2012,HOU,20.176,F,us,Kentucky,2013.0,2019.0,234.0,23.8,10.4,5.7,1.0,0.6,1.2,0.501,0.539,0.297,0.621,14.7,0.127
Andrew Nicholson,19.0,80.5,81.5,88.0,107.0,30.5,137.5,28.5,135.5,234.0,7.6,10.0,10.75,10.0,11.89,3.67,309,2012,ORL,22.208000000000002,F,ca,St. Bonaventure,2013.0,2017.0,285.0,14.3,6.0,3.0,0.4,0.3,0.3,0.467,0.498,0.321,0.773,3.8,0.045
Michael Kidd-Gilchrist,2.0,77.75,79.5,84.0,104.5,35.5,140.0,32.0,136.5,233.0,7.0,9.0,10.25,6.0,11.77,3.18,146,2012,CHA,18.28,F,us,Kentucky,2013.0,2020.0,422.0,25.4,8.8,5.6,1.2,0.7,0.7,0.47700000000000004,0.48200000000000004,0.28600000000000003,0.7140000000000001,21.1,0.095
Jared Sullinger,21.0,79.75,81.0,85.25,105.5,31.0,136.5,29.5,135.0,268.0,10.7,9.25,9.75,9.0,12.77,3.81,104,2012,BOS,20.121,F,us,Ohio State,2013.0,2017.0,269.0,24.3,10.8,7.5,1.8,0.7,0.6,0.436,0.47600000000000003,0.272,0.723,15.3,0.113
Fab Melo,22.0,82.75,84.0,86.5,110.0,31.0,141.0,29.5,139.5,255.0,9.2,9.0,10.0,9.0,12.14,3.44,364,2012,BOS,22.014,C,br,Syracuse,2013.0,2013.0,6.0,6.0,1.2,0.5,0.0,0.3,0.3,0.5,0.5,,0.25,0.0,0.021
John Jenkins,23.0,75.25,76.25,80.5,98.0,36.5,134.5,30.5,128.5,212.0,7.1,9.0,9.0,10.0,11.36,3.37,253,2012,ATL,21.12,G,us,Vanderbilt,2013.0,2019.0,171.0,12.8,5.0,1.5,0.8,0.2,0.1,0.441,0.503,0.36700000000000005,0.847,3.0,0.065
Jared Cunningham,24.0,75.5,77.0,78.5,98.0,,,,,188.0,3.6,8.25,9.0,4.0,,,376,2012,CLE,21.043000000000003,G,us,Oregon State,2013.0,2016.0,84.0,7.2,2.3,0.7,0.5,0.3,0.0,0.34700000000000003,0.369,0.306,0.674,0.2,0.017
Tony Wroten,25.0,76.75,78.0,81.0,101.0,35.5,136.5,30.0,131.0,203.0,5.2,8.0,9.0,,10.75,3.24,443,2012,MEM,19.081,G,us,Washington,2013.0,2016.0,145.0,21.2,11.1,2.5,3.0,0.9,0.2,0.413,0.47700000000000004,0.231,0.647,-1.3,-0.021
Miles Plumlee,26.0,82.5,83.75,84.75,105.5,40.5,146.0,34.0,139.5,252.0,11.4,9.25,9.0,15.0,10.64,3.36,159,2012,IND,23.305999999999997,C-F,us,Duke,2013.0,2019.0,346.0,16.4,4.9,4.5,0.5,0.4,0.7,0.542,0.542,,0.5429999999999999,10.6,0.09
Arnett Moultrie,27.0,81.5,82.75,86.25,106.5,37.5,144.0,33.5,140.0,233.0,7.7,9.25,9.25,10.0,11.32,3.22,105,2012,MIA,21.228,F,us,Mississippi State,2013.0,2014.0,59.0,12.4,3.6,3.1,0.2,0.4,0.2,0.547,0.547,,0.667,1.7,0.113
Perry Jones,28.0,82.25,83.25,85.75,107.0,38.5,145.5,33.0,140.0,234.0,4.6,9.25,9.5,11.0,11.31,3.19,302,2012,OKC,20.283,F,us,Baylor,2013.0,2015.0,143.0,11.7,3.4,1.8,0.4,0.3,0.2,0.42,0.466,0.293,0.66,1.7,0.048
Marquis Teague,29.0,73.0,74.0,79.25,96.5,40.5,137.0,32.5,129.0,180.0,6.3,8.25,7.75,8.0,10.65,3.19,427,2012,CHI,19.125,G,us,Kentucky,2013.0,2018.0,91.0,10.0,2.4,1.0,1.5,0.3,0.1,0.34299999999999997,0.369,0.222,0.6609999999999999,-0.9,-0.045
Bradley Beal,3.0,75.25,76.75,80.0,100.0,39.0,139.0,33.0,133.0,202.0,6.0,8.5,9.0,8.0,10.95,3.28,126,2012,WAS,19.005,G,us,Florida,2013.0,2020.0,493.0,34.4,19.9,4.0,3.8,1.1,0.4,0.451,0.488,0.384,0.7979999999999999,36.7,0.10400000000000001
Festus Ezeli,30.0,81.75,83.5,89.75,108.0,33.5,141.5,34.0,142.0,264.0,5.5,9.0,10.75,18.0,12.35,3.29,83,2012,GSW,22.256,C,ng,Vanderbilt,2013.0,2016.0,170.0,14.1,4.2,4.3,0.4,0.3,1.0,0.513,0.513,,0.557,5.9,0.11900000000000001
Bernard James,33.0,80.75,82.0,87.0,108.5,32.5,141.0,30.0,138.5,230.0,5.0,9.0,9.25,6.0,11.84,3.4,90,2012,CLE,27.148000000000003,C,us,Florida State,2013.0,2015.0,92.0,8.3,2.2,2.3,0.1,0.2,0.7,0.49700000000000005,0.507,0.0,0.68,1.9,0.11699999999999999
Jae Crowder,34.0,76.75,78.5,81.25,99.5,34.5,134.0,31.0,130.5,241.0,9.0,9.5,10.5,20.0,11.45,3.37,128,2012,CLE,21.363000000000003,F,us,Marquette,2013.0,2020.0,548.0,24.3,9.4,3.9,1.4,1.0,0.3,0.42200000000000004,0.513,0.337,0.778,28.6,0.10300000000000001
Draymond Green,35.0,77.75,79.5,85.25,105.0,33.0,138.0,28.0,133.0,236.0,11.3,9.0,9.5,9.0,11.01,3.4,52,2012,GSW,22.122,F,us,Michigan State,2013.0,2020.0,538.0,28.1,9.1,6.9,4.9,1.4,1.1,0.439,0.509,0.32299999999999995,0.706,43.5,0.138
Orlando Johnson,36.0,75.75,77.25,83.25,99.0,39.5,138.5,32.0,131.0,224.0,7.0,9.0,9.5,13.0,10.98,3.25,271,2012,SAC,23.115,G,us,University of California Santa Barbara,2013.0,2016.0,103.0,10.8,3.2,1.7,0.7,0.2,0.1,0.358,0.39799999999999996,0.311,0.727,1.4,0.059000000000000004
Quincy Acy,37.0,78.5,79.75,86.75,106.5,37.0,143.5,32.0,138.5,224.0,7.1,9.5,11.0,13.0,10.48,3.28,216,2012,TOR,21.271,F-C,us,Baylor,2013.0,2019.0,337.0,16.0,4.9,3.5,0.6,0.4,0.4,0.444,0.506,0.35,0.759,8.7,0.078
Quincy Miller,38.0,80.75,82.0,85.25,105.0,36.0,141.0,30.5,135.5,219.0,7.8,9.25,10.25,8.0,11.05,3.48,465,2012,DEN,19.227,F,us,Baylor,2013.0,2015.0,69.0,13.5,4.3,2.4,0.5,0.4,0.5,0.35,0.38299999999999995,0.292,0.706,-0.1,-0.003
Khris Middleton,39.0,78.75,80.25,82.75,103.0,31.0,134.0,28.0,131.0,216.0,7.8,9.0,9.0,4.0,11.45,3.47,129,2012,DET,20.326,F-G,us,Texas A&M,2013.0,2020.0,461.0,31.7,15.7,4.5,3.2,1.3,0.2,0.452,0.485,0.38799999999999996,0.8690000000000001,31.5,0.10300000000000001
Dion Waiters,4.0,74.5,76.0,79.25,98.0,,,,,221.0,8.5,8.5,9.5,,,,333,2012,CLE,20.206,G,us,Syracuse,2013.0,2019.0,409.0,28.4,13.2,2.7,2.8,0.9,0.3,0.41200000000000003,0.44299999999999995,0.34700000000000003,0.6920000000000001,8.7,0.036000000000000004
Will Barton,40.0,77.0,78.0,81.75,102.5,34.0,136.5,30.0,132.5,174.0,4.1,9.0,9.5,,12.5,3.6,217,2012,POR,21.179000000000002,G,us,Memphis,2013.0,2020.0,442.0,23.3,10.6,4.0,2.4,0.7,0.4,0.43,0.47600000000000003,0.342,0.789,16.8,0.078
Tyshawn Taylor,41.0,74.75,76.0,78.25,97.5,36.5,134.0,32.0,129.5,177.0,4.2,8.75,8.75,,11.48,3.2,420,2012,POR,22.083000000000002,G,us,Kansas,2013.0,2014.0,61.0,8.0,2.9,0.5,0.9,0.4,0.0,0.354,0.353,0.36,0.684,-0.9,-0.08800000000000001
Doron Lamb,42.0,75.25,76.75,78.75,98.5,33.5,132.0,29.0,127.5,199.0,6.7,8.5,8.75,2.0,11.12,3.41,397,2012,MIL,20.24,G,us,Kentucky,2013.0,2014.0,100.0,12.7,3.5,1.0,0.8,0.2,0.0,0.381,0.37200000000000005,0.39399999999999996,0.7,0.1,0.005
Mike Scott,43.0,79.25,80.75,82.75,104.0,32.5,136.5,27.0,131.0,241.0,10.6,8.5,9.0,14.0,11.59,3.44,156,2012,ATL,23.353,F,us,Virginia,2013.0,2020.0,441.0,16.3,7.2,3.1,0.9,0.3,0.1,0.46399999999999997,0.526,0.364,0.757,13.6,0.091
Kim English,44.0,76.5,77.75,78.5,98.0,36.5,134.5,29.0,127.0,192.0,4.3,8.5,8.75,,10.59,3.33,365,2012,DET,23.283,G,us,Missouri,2013.0,2013.0,41.0,9.9,2.9,0.9,0.6,0.4,0.1,0.375,0.452,0.28,0.7240000000000001,0.2,0.021
Darius Miller,46.0,78.0,79.5,81.0,101.0,37.0,138.0,33.0,134.0,233.0,7.5,8.5,8.75,14.0,11.34,3.31,282,2012,NOH,22.105,F,us,Kentucky,2013.0,2019.0,253.0,20.4,6.0,1.7,1.4,0.4,0.2,0.418,0.495,0.382,0.83,5.9,0.055
Kevin Murphy,47.0,77.0,78.25,78.75,99.0,36.5,135.5,31.0,130.0,194.0,5.8,8.5,8.5,11.0,10.97,3.42,406,2012,UTA,22.12,G,us,Tennessee Technological University,2013.0,2013.0,17.0,3.1,0.9,0.2,0.1,0.1,0.0,0.25,0.261,0.2,,-0.3,-0.272
Kyle O'Quinn,49.0,80.5,82.0,88.75,106.5,31.5,138.0,31.5,138.0,241.0,8.0,9.5,10.0,,11.65,3.53,74,2012,ORL,22.1,F-C,us,Norfolk State,2013.0,2020.0,448.0,14.4,5.5,4.6,1.3,0.4,1.0,0.517,0.537,0.21100000000000002,0.7440000000000001,16.9,0.126
Thomas Robinson,5.0,79.75,80.75,87.25,106.0,35.5,141.5,28.5,134.5,244.0,5.0,9.75,10.5,15.0,11.96,3.17,289,2012,SAC,21.109,F,us,Kansas,2013.0,2017.0,313.0,13.4,4.9,4.8,0.6,0.5,0.4,0.47,0.47200000000000003,0.0,0.505,4.6,0.053
Kris Joseph,51.0,78.0,79.0,83.0,104.0,35.0,139.0,28.5,132.5,215.0,8.6,9.0,9.0,6.0,,3.46,413,2012,BOS,23.199,F,ca,Syracuse,2013.0,2013.0,10.0,5.4,0.9,0.7,0.1,0.3,0.0,0.14300000000000002,0.182,0.0,0.625,-0.1,-0.127
Darius Johnson-Odom,55.0,73.5,75.0,79.0,96.0,41.5,137.5,33.5,129.5,212.0,7.0,8.75,8.75,17.0,10.76,3.21,403,2012,DAL,22.279,G,us,Marquette,2013.0,2014.0,7.0,3.0,0.0,0.9,0.3,0.1,0.0,0.0,0.0,0.0,0.0,-0.3,-0.597
Robbie Hummel,58.0,79.25,80.5,80.5,102.0,30.0,132.0,27.5,129.5,218.0,9.4,8.5,9.5,13.0,11.56,3.41,249,2012,MIN,23.118000000000002,F,us,Purdue,2014.0,2015.0,98.0,14.3,3.9,2.7,0.5,0.3,0.1,0.418,0.469,0.34299999999999997,0.867,1.9,0.066
Damian Lillard,6.0,73.75,74.75,79.75,95.5,39.5,135.0,34.5,130.0,189.0,5.9,8.75,9.75,13.0,11.15,3.34,20,2012,POR,21.354,G,us,Weber State,2013.0,2020.0,555.0,36.3,23.6,4.2,6.4,1.0,0.3,0.434,0.48100000000000004,0.369,0.889,71.6,0.171
Harrison Barnes,7.0,79.0,80.0,83.25,101.5,39.5,141.0,38.0,139.5,228.0,9.6,9.0,8.5,15.0,10.93,3.16,175,2012,GSW,20.034000000000002,F,us,UNC,2013.0,2020.0,547.0,30.8,13.6,4.9,1.5,0.7,0.2,0.447,0.47600000000000003,0.373,0.795,30.2,0.086
Terrence Ross,8.0,78.0,79.0,79.25,100.5,37.5,138.0,31.0,131.5,197.0,3.2,8.75,10.25,2.0,11.78,3.28,227,2012,TOR,21.149,F-G,us,Washington,2013.0,2020.0,498.0,24.2,10.5,2.8,1.1,0.8,0.3,0.42100000000000004,0.47600000000000003,0.371,0.821,18.9,0.075
Andre Drummond,9.0,81.75,83.75,90.25,109.5,33.5,143.0,31.5,141.0,279.0,7.5,9.5,9.5,10.0,10.83,3.39,28,2012,DET,18.327,C,us,UConn,2013.0,2020.0,549.0,30.9,14.2,13.8,1.2,1.3,1.6,0.544,0.5489999999999999,0.13699999999999998,0.451,57.4,0.162
Michael Carter-Williams,11.0,76.75,77.75,79.25,101.0,41.0,142.0,31.5,132.5,184.0,4.4,7.5,8.5,8.0,10.68,3.22,343,2013,PHI,21.266,G,us,Syracuse,2014.0,2020.0,319.0,26.1,10.8,4.5,4.6,1.3,0.6,0.4,0.433,0.253,0.7020000000000001,5.2,0.03
Steven Adams,12.0,82.75,84.0,88.5,109.5,33.0,142.5,28.5,138.0,255.0,6.7,9.5,11.0,16.0,11.85,3.4,44,2013,OKC,19.347,C,nz,Pitt,2014.0,2020.0,471.0,26.8,9.6,7.4,1.0,0.9,1.0,0.585,0.5870000000000001,0.0,0.551,38.8,0.147
Kelly Olynyk,13.0,82.75,84.0,81.75,108.0,29.5,137.5,24.5,132.5,234.0,6.7,8.5,10.0,5.0,11.42,3.59,71,2013,DAL,22.075,C-F,ca,Gonzaga,2014.0,2020.0,439.0,21.6,9.8,4.9,1.9,0.7,0.5,0.47600000000000003,0.5489999999999999,0.365,0.7659999999999999,25.1,0.127
Shabazz Muhammad,14.0,76.75,78.25,83.0,104.5,37.0,141.5,29.5,134.0,222.0,9.0,9.0,10.0,10.0,10.99,3.32,183,2013,UTA,20.230999999999998,F-G,us,UCLA,2014.0,2018.0,278.0,17.2,9.0,2.8,0.5,0.3,0.1,0.473,0.51,0.319,0.7509999999999999,8.5,0.085
Shane Larkin,18.0,70.25,71.5,70.75,89.5,44.0,133.5,34.5,124.0,171.0,3.8,7.5,8.75,12.0,10.64,3.08,313,2013,ATL,20.273,G,us,Miami (FL),2014.0,2018.0,256.0,19.1,5.5,1.9,2.9,0.9,0.1,0.42200000000000004,0.45399999999999996,0.336,0.777,4.4,0.044000000000000004
Victor Oladipo,2.0,75.25,76.25,81.25,100.5,42.0,142.5,33.0,133.5,213.0,6.6,8.75,9.25,15.0,10.69,3.25,171,2013,ORL,21.059,G,us,Indiana,2014.0,2019.0,402.0,33.2,17.5,4.6,4.0,1.7,0.5,0.44299999999999995,0.48200000000000004,0.35200000000000004,0.7929999999999999,24.2,0.087
Tony Snell,20.0,78.0,79.25,83.5,105.5,36.5,142.0,30.0,135.5,198.0,4.9,9.0,9.5,7.0,10.36,3.25,247,2013,CHI,21.235,G-F,us,New Mexico,2014.0,2020.0,449.0,21.9,6.3,2.4,1.0,0.5,0.2,0.425,0.48100000000000004,0.38299999999999995,0.821,13.8,0.067
Gorgui Dieng,21.0,81.75,82.75,87.5,111.5,,,,,230.0,5.4,9.0,10.0,,,,96,2013,UTA,23.166,C,sn,Louisville,2014.0,2020.0,454.0,22.6,8.0,6.2,1.4,0.8,1.0,0.506,0.519,0.335,0.789,24.6,0.115
Mason Plumlee,22.0,83.25,84.5,83.0,108.0,36.0,144.0,30.5,138.5,238.0,6.2,9.75,9.5,14.0,10.89,3.29,47,2013,BRK,23.12,C-F,us,Duke,2014.0,2020.0,477.0,22.0,8.4,6.3,2.2,0.8,1.0,0.57,0.5760000000000001,0.071,0.5660000000000001,31.4,0.14400000000000002
Solomon Hill,23.0,77.5,79.0,81.0,103.0,37.5,140.5,29.5,132.5,226.0,7.6,9.0,10.5,14.0,10.77,3.19,256,2013,IND,22.107,F,us,Arizona,2014.0,2020.0,308.0,22.6,5.9,3.3,1.5,0.7,0.2,0.396,0.44799999999999995,0.33,0.805,9.3,0.064
Reggie Bullock,25.0,77.75,79.0,80.75,102.0,36.5,138.5,31.0,133.0,200.0,7.0,8.5,9.0,11.0,11.33,3.31,165,2013,LAC,22.109,G-F,us,UNC,2014.0,2019.0,272.0,19.3,6.8,2.1,1.1,0.5,0.1,0.434,0.495,0.392,0.828,9.7,0.08900000000000001
Andre Roberson,26.0,78.25,79.0,83.0,104.5,36.5,141.0,30.0,134.5,206.0,7.1,8.75,9.5,10.0,11.36,3.34,152,2013,MIN,21.211,G-F,us,Colorado,2014.0,2018.0,295.0,22.5,4.6,4.0,0.9,0.9,0.7,0.48200000000000004,0.609,0.257,0.467,12.7,0.092
Rudy Gobert,27.0,84.5,86.0,92.5,115.0,29.0,144.0,25.0,140.0,238.0,4.4,9.75,10.0,7.0,12.85,3.57,4,2013,DEN,21.006,C,fr,,2014.0,2020.0,413.0,28.8,11.1,10.6,1.3,0.7,2.2,0.628,0.629,0.0,0.631,53.6,0.21600000000000003
Archie Goodwin,29.0,75.75,77.25,81.5,102.0,36.0,138.0,30.0,132.0,189.0,4.6,8.5,9.0,1.0,10.75,3.27,360,2013,OKC,18.319000000000003,G,us,Kentucky,2014.0,2017.0,165.0,14.5,6.3,2.0,1.2,0.4,0.2,0.429,0.484,0.23600000000000002,0.7,1.1,0.022000000000000002
Otto Porter,3.0,79.5,80.5,85.5,105.5,36.0,141.5,27.0,132.5,198.0,6.7,8.75,9.25,9.0,11.25,3.4,68,2013,WAS,20.029,F,us,Georgetown,2014.0,2020.0,406.0,26.9,11.0,5.0,1.5,1.2,0.4,0.48100000000000004,0.527,0.40299999999999997,0.7909999999999999,29.2,0.128
Allen Crabbe,31.0,77.25,78.25,83.25,103.5,36.0,139.5,30.5,134.0,197.0,4.7,8.25,8.5,10.0,10.67,3.32,218,2013,CLE,21.084,G-F,us,Cal,2014.0,2019.0,344.0,24.6,9.5,2.9,1.2,0.6,0.3,0.429,0.47200000000000003,0.39299999999999996,0.835,13.8,0.078
Carrick Felix,33.0,76.75,78.25,81.25,103.5,38.5,142.0,32.0,135.5,203.0,3.3,8.5,9.5,15.0,11.16,3.25,276,2013,CLE,22.32,G,us,Arizona State,2014.0,2014.0,7.0,5.4,2.7,0.9,0.6,0.0,0.0,0.5,0.556,0.4,0.75,0.0,0.057
Isaiah Canaan,34.0,71.0,72.0,76.5,94.5,40.5,135.0,33.0,127.5,188.0,5.9,8.25,9.5,16.0,10.98,3.22,319,2013,HOU,22.043000000000003,G,us,Murray State,2014.0,2019.0,235.0,20.4,8.1,1.9,1.9,0.6,0.1,0.371,0.40399999999999997,0.35100000000000003,0.836,4.3,0.043
Glen Rice,35.0,76.5,77.75,81.25,101.5,40.5,142.0,33.0,134.5,211.0,8.5,8.5,9.0,10.0,10.99,3.25,422,2013,PHI,22.183000000000003,G,us,Georgia Tech,2014.0,2015.0,16.0,9.5,2.7,1.5,0.6,0.4,0.1,0.26899999999999996,0.28600000000000003,0.25,0.6920000000000001,-0.2,-0.065
Ray McCallum,36.0,72.25,73.75,75.25,96.5,40.0,136.5,30.5,127.0,191.0,7.3,8.0,8.75,5.0,10.82,3.25,337,2013,SAC,22.021,G,us,Detroit Mercy,2014.0,2016.0,154.0,18.2,6.0,2.0,2.4,0.5,0.2,0.408,0.43,0.335,0.711,2.1,0.035
Tony Mitchell,37.0,79.5,80.75,86.5,106.5,38.0,144.5,33.5,140.0,236.0,5.6,9.0,10.0,13.0,11.82,3.52,39,2013,DET,21.086,F,us,University of North Texas,2014.0,2014.0,21.0,3.8,1.0,1.2,0.1,0.3,0.1,0.41700000000000004,0.364,1.0,0.579,0.2,0.151
Nate Wolters,38.0,75.5,76.75,75.75,98.0,,,,,196.0,5.5,8.25,8.75,8.0,,,351,2013,WAS,22.049,G,us,South Dakota State University,2014.0,2018.0,84.0,18.8,5.5,2.2,2.5,0.5,0.2,0.423,0.452,0.261,0.635,0.9,0.027999999999999997
Jeff Withey,39.0,82.75,84.5,86.0,110.5,29.0,139.5,26.5,137.0,222.0,8.7,9.0,9.75,10.0,12.49,3.47,32,2013,POR,23.118000000000002,C,us,Kansas,2014.0,2018.0,206.0,10.1,3.2,2.5,0.3,0.3,0.8,0.525,0.537,0.14300000000000002,0.716,6.8,0.157
Cody Zeller,4.0,82.75,84.25,82.75,106.0,37.5,143.5,35.5,141.5,230.0,4.8,8.5,10.5,17.0,10.82,3.15,51,2013,CHA,20.27,C-F,us,Indiana,2014.0,2020.0,366.0,23.0,8.3,5.9,1.4,0.7,0.8,0.512,0.517,0.28,0.7390000000000001,24.6,0.14
Grant Jerrett,40.0,80.75,82.25,86.0,109.0,34.0,143.0,28.5,137.5,232.0,10.1,8.5,9.25,2.0,11.85,3.51,412,2013,POR,19.359,F,us,Arizona,2015.0,2015.0,8.0,6.4,2.0,1.1,0.4,0.3,0.3,0.26899999999999996,0.545,0.067,1.0,-0.1,-0.128
Jamaal Franklin,41.0,76.0,77.25,83.25,103.5,,,,,191.0,8.3,8.5,8.25,,,,460,2013,MEM,21.346999999999998,G,us,San Diego State,2014.0,2015.0,24.0,7.3,1.8,1.0,0.4,0.2,0.1,0.415,0.39299999999999996,0.462,1.0,0.0,-0.006
Pierre Jackson,42.0,69.5,70.5,70.0,90.0,,,,,176.0,4.5,7.5,8.25,,,,366,2013,PHI,21.308000000000003,G,us,Baylor,2017.0,2017.0,8.0,10.5,4.4,1.1,2.4,0.3,0.0,0.33299999999999996,0.35700000000000004,0.273,0.857,0.0,0.021
Ricky Ledo,43.0,76.75,78.0,79.25,102.5,33.5,136.0,27.0,129.5,197.0,10.3,8.5,9.25,4.0,10.72,3.32,416,2013,MIL,20.295,G,us,Providence,2014.0,2015.0,28.0,9.9,3.9,1.4,0.8,0.3,0.0,0.336,0.321,0.371,0.769,-0.6,-0.096
Mike Muscala,44.0,82.25,83.5,85.0,108.0,33.5,141.5,28.0,136.0,230.0,6.8,8.5,9.0,5.0,11.76,3.44,97,2013,DAL,22.002,F-C,us,Bucknell,2014.0,2020.0,312.0,15.9,5.7,3.3,0.9,0.4,0.5,0.462,0.545,0.35600000000000004,0.843,11.8,0.115
Erick Green,46.0,73.5,75.0,77.75,98.0,,,,,178.0,4.4,8.5,9.0,5.0,,,388,2013,UTA,22.055,G,us,Virginia Tech,2015.0,2016.0,52.0,8.7,3.1,0.7,0.8,0.3,0.0,0.377,0.415,0.28800000000000003,0.857,0.1,0.011000000000000001
Ryan Kelly,48.0,81.75,83.75,83.5,110.0,,,,,228.0,14.8,9.0,10.0,,,,306,2013,LAL,22.085,F,us,Duke,2014.0,2017.0,163.0,19.2,6.0,3.1,1.3,0.5,0.5,0.37799999999999995,0.41600000000000004,0.316,0.797,3.0,0.046
Erik Murphy,49.0,80.75,81.5,82.5,108.0,29.5,137.5,24.5,132.5,240.0,8.0,8.75,9.75,13.0,12.19,3.57,423,2013,CHI,22.25,F,fr,Florida,2014.0,2014.0,24.0,2.6,0.3,0.3,0.1,0.0,0.2,0.231,0.3,0.0,,-0.1,-0.055
James Ennis,50.0,77.75,79.0,83.5,104.5,36.5,141.0,29.5,134.0,201.0,4.5,8.5,8.75,7.0,11.55,3.4,140,2013,ATL,23.002,F,us,Cal State Long Beach,2015.0,2020.0,283.0,20.5,6.5,3.2,0.9,0.6,0.3,0.457,0.536,0.35600000000000004,0.794,12.0,0.099
Lorenzo Brown,52.0,76.0,77.25,79.0,100.0,34.0,134.0,28.0,128.0,189.0,4.0,8.25,8.5,8.0,11.78,3.4,459,2013,MIN,22.311,G,us,NC State,2014.0,2019.0,103.0,11.5,2.8,1.5,1.8,0.6,0.1,0.364,0.45299999999999996,0.17,0.7070000000000001,-0.2,-0.006999999999999999
Peyton Siva,56.0,71.5,73.0,75.0,93.0,41.5,134.5,33.5,126.5,181.0,6.1,8.0,9.75,15.0,10.59,3.16,436,2013,DET,22.252,G,us,Louisville,2014.0,2014.0,24.0,9.3,2.3,0.6,1.4,0.4,0.0,0.316,0.344,0.28,0.733,-0.2,-0.032
Nerlens Noel,6.0,82.0,83.75,87.75,110.0,,,,,206.0,4.2,9.5,10.0,,,,84,2013,NOH,19.083,C-F,us,Kentucky,2015.0,2020.0,306.0,22.7,8.1,6.4,1.2,1.4,1.4,0.525,0.526,0.25,0.634,17.2,0.11900000000000001
Ben McLemore,7.0,75.5,76.75,79.75,100.5,42.0,142.5,32.5,133.0,189.0,5.0,8.75,9.5,6.0,11.87,3.27,355,2013,SAC,20.141,G,us,Kansas,2014.0,2020.0,374.0,23.5,8.7,2.4,1.1,0.7,0.2,0.41700000000000004,0.467,0.354,0.7829999999999999,4.7,0.026000000000000002
Kentavious Caldwell-Pope,8.0,76.5,77.5,80.0,100.5,34.5,135.0,29.0,129.5,204.0,6.5,8.5,9.0,7.0,10.6,3.12,196,2013,DET,20.134,G,us,Georgia,2014.0,2020.0,476.0,29.7,11.8,3.3,1.6,1.2,0.2,0.41200000000000003,0.47100000000000003,0.345,0.799,24.0,0.08199999999999999
Trey Burke,9.0,71.75,73.25,77.5,97.5,36.5,134.0,29.5,127.0,187.0,6.9,8.25,8.75,3.0,11.2,3.16,274,2013,MIN,20.232,G,us,Michigan,2014.0,2019.0,361.0,23.6,10.9,2.1,3.6,0.6,0.1,0.408,0.445,0.34,0.8,10.2,0.057999999999999996
Elfrid Payton,10.0,74.5,75.75,80.0,98.5,35.5,134.0,31.5,130.0,185.0,5.7,8.75,9.0,,11.06,3.23,261,2014,PHI,20.129,G,us,Louisiana,2015.0,2020.0,346.0,29.5,11.1,4.3,6.5,1.3,0.3,0.45299999999999996,0.47700000000000004,0.307,0.632,13.4,0.063
Doug McDermott,11.0,78.25,79.75,81.25,103.0,36.5,139.5,28.5,131.5,218.0,7.1,8.75,9.75,,11.1,3.29,232,2014,DEN,22.18,F,us,Creighton,2015.0,2020.0,347.0,19.9,7.7,2.1,0.8,0.2,0.1,0.457,0.498,0.40299999999999997,0.8240000000000001,10.5,0.073
Zach LaVine,13.0,76.5,77.75,80.25,100.0,41.5,141.5,33.5,133.5,181.0,4.7,8.25,8.75,,10.42,3.19,315,2014,MIN,19.113,G,us,UCLA,2015.0,2020.0,300.0,30.0,16.2,3.4,3.5,0.9,0.2,0.446,0.48,0.374,0.8220000000000001,8.2,0.044000000000000004
T.J. Warren,14.0,79.0,80.25,82.25,104.0,35.5,139.5,27.0,131.0,220.0,8.0,8.75,9.0,,11.1,3.26,184,2014,PHO,20.299,F,us,NC State,2015.0,2020.0,267.0,27.9,14.4,4.1,1.1,1.0,0.5,0.496,0.524,0.33299999999999996,0.765,13.1,0.085
Adreian Payne,15.0,81.0,81.75,88.0,109.0,,,,,239.0,7.6,9.25,9.5,,,,447,2014,ATL,23.133000000000003,F-C,us,Michigan State,2015.0,2018.0,107.0,13.1,4.0,2.9,0.6,0.4,0.3,0.406,0.43,0.254,0.68,-0.6,-0.019
James Young,17.0,77.25,78.75,84.0,104.0,35.5,139.5,28.0,132.0,213.0,5.1,9.0,9.5,,,,307,2014,BOS,18.319000000000003,G-F,us,Kentucky,2015.0,2018.0,95.0,8.5,2.3,1.0,0.3,0.3,0.1,0.36700000000000005,0.534,0.27699999999999997,0.563,0.8,0.046
Tyler Ennis,18.0,73.0,74.5,79.25,98.0,36.0,134.0,29.0,127.0,182.0,6.2,8.25,8.75,,11.12,3.3,356,2014,PHO,19.311,G,ca,Syracuse,2015.0,2018.0,186.0,12.6,4.2,1.3,1.9,0.5,0.1,0.419,0.45799999999999996,0.317,0.768,1.3,0.026000000000000002
Gary Harris,19.0,74.5,76.5,78.75,96.0,,,,,205.0,4.6,8.5,9.5,,,,177,2014,CHI,19.29,G,us,Michigan State,2015.0,2020.0,318.0,28.5,12.4,2.6,2.1,1.2,0.2,0.45899999999999996,0.524,0.365,0.8009999999999999,16.2,0.086
Jordan Adams,22.0,75.5,76.75,82.0,102.0,29.5,131.5,24.5,126.5,209.0,10.8,8.5,7.5,,12.13,3.5,239,2014,MEM,19.358,G,us,UCLA,2015.0,2016.0,32.0,8.2,3.2,0.9,0.6,0.6,0.2,0.402,0.409,0.385,0.607,0.4,0.07
Rodney Hood,23.0,79.25,80.5,80.5,103.0,36.0,139.0,29.0,132.0,208.0,7.5,8.5,8.5,,11.21,3.38,167,2014,UTA,21.254,G-F,us,Duke,2015.0,2020.0,326.0,27.3,12.6,2.9,1.9,0.8,0.2,0.424,0.466,0.369,0.84,16.6,0.08900000000000001
Shabazz Napier,24.0,71.0,73.0,75.25,93.0,37.5,130.5,30.5,123.5,175.0,7.4,8.25,8.5,,11.6,3.2,248,2014,CHH,22.353,G,us,UConn,2015.0,2020.0,294.0,16.2,6.4,1.7,2.1,0.8,0.1,0.391,0.43,0.35,0.8140000000000001,6.6,0.067
P.J. Hairston,26.0,76.25,77.25,81.0,101.0,37.0,138.0,32.0,133.0,229.0,8.2,8.75,9.75,,11.12,3.32,367,2014,MIA,21.189,G-F,us,UNC,2015.0,2016.0,111.0,18.0,6.0,2.4,0.5,0.5,0.2,0.34299999999999997,0.414,0.295,0.81,0.9,0.021
C.J. Wilcox,28.0,75.5,77.0,81.75,100.5,37.5,138.0,31.0,131.5,201.0,6.5,8.75,9.0,,11.3,3.22,392,2014,LAC,23.184,G,us,Washington,2015.0,2017.0,66.0,5.7,2.0,0.5,0.5,0.2,0.1,0.37,0.397,0.33299999999999996,0.813,0.1,0.006999999999999999
Kyle Anderson,30.0,79.5,80.5,86.75,107.5,,,,,230.0,13.4,8.25,8.75,,,,76,2014,SAS,20.284000000000002,F-G,us,UCLA,2015.0,2020.0,305.0,19.6,5.4,3.9,1.9,1.0,0.5,0.493,0.52,0.322,0.7020000000000001,15.6,0.125
K.J. McDaniels,32.0,76.5,78.0,83.25,102.0,37.0,139.0,33.0,135.0,196.0,4.5,8.75,9.75,,12.71,3.1,345,2014,PHI,21.142,G-F,us,Clemson,2015.0,2017.0,148.0,14.1,5.3,2.2,0.6,0.5,0.6,0.41200000000000003,0.479,0.29,0.7759999999999999,1.3,0.03
Joe Harris,33.0,76.75,78.25,78.0,100.0,33.5,133.5,28.5,128.5,215.0,6.2,8.5,9.75,,11.11,3.31,178,2014,CLE,22.299,G,us,Virginia,2015.0,2020.0,268.0,22.8,9.5,2.9,1.5,0.4,0.2,0.478,0.5379999999999999,0.43200000000000005,0.7959999999999999,10.9,0.086
Cleanthony Early,34.0,78.0,79.25,82.75,101.5,40.0,141.5,34.0,135.5,209.0,4.5,8.5,9.0,,11.15,3.18,431,2014,NYK,23.076,F,us,Wichita State,2015.0,2016.0,56.0,14.3,4.3,2.2,0.8,0.5,0.3,0.34600000000000003,0.4,0.263,0.75,-0.6,-0.039
Jarnell Stokes,35.0,79.0,80.5,85.25,103.5,36.0,139.5,31.0,134.5,263.0,8.2,9.75,10.5,,11.92,3.26,9,2014,UTA,20.175,F-C,us,Tennessee,2015.0,2017.0,28.0,5.4,2.4,1.4,0.3,0.3,0.2,0.581,0.581,,0.531,0.6,0.20199999999999999
Johnny O'Bryant,36.0,79.25,80.5,86.25,105.0,35.5,140.5,31.0,136.0,257.0,10.8,9.25,9.5,,11.57,3.45,394,2014,MIL,21.03,F-C,us,LSU,2015.0,2018.0,147.0,11.5,3.5,2.4,0.5,0.2,0.1,0.402,0.406,0.36,0.6629999999999999,0.2,0.006
Spencer Dinwiddie,38.0,76.5,78.0,80.25,103.0,,,,,205.0,5.4,8.25,9.0,,,,127,2014,DET,21.086,G,us,Colorado,2015.0,2020.0,259.0,24.4,11.1,2.6,4.5,0.7,0.3,0.40700000000000003,0.47700000000000004,0.32,0.8,13.7,0.10400000000000001
Jerami Grant,39.0,78.5,79.75,86.75,107.0,,,,,214.0,3.8,9.25,9.25,,,,147,2014,PHI,20.111,F,us,Syracuse,2015.0,2020.0,389.0,24.1,8.8,3.9,1.0,0.6,1.2,0.461,0.522,0.331,0.654,18.3,0.094
Aaron Gordon,4.0,79.5,80.75,83.75,105.0,39.0,144.0,32.5,137.5,220.0,5.1,8.75,10.5,,10.81,3.27,153,2014,ORL,18.288,F,us,Arizona,2015.0,2020.0,347.0,27.9,12.4,6.2,2.2,0.8,0.6,0.45,0.511,0.321,0.705,18.5,0.092
Glenn Robinson,40.0,77.5,78.75,82.0,100.5,41.5,142.0,36.5,137.0,211.0,5.1,9.0,9.5,,11.22,3.15,234,2014,MIN,20.174,G-F,us,Michigan,2015.0,2020.0,225.0,14.8,4.5,2.2,0.6,0.4,0.2,0.441,0.48200000000000004,0.361,0.735,5.0,0.07200000000000001
Nick Johnson,42.0,73.5,75.0,79.25,96.5,41.5,138.0,33.5,130.0,198.0,6.1,8.75,9.75,,10.8,3.27,446,2014,HOU,21.191,G,us,Arizona,2015.0,2015.0,28.0,9.4,2.6,1.4,0.4,0.3,0.1,0.34700000000000003,0.389,0.23800000000000002,0.68,-0.1,-0.02
Markel Brown,44.0,74.5,75.5,80.75,100.0,43.5,143.5,36.5,136.5,184.0,4.2,8.25,9.75,,12.62,3.18,348,2014,MIN,22.154,G,us,Oklahoma State,2015.0,2018.0,113.0,15.9,5.2,2.1,1.2,0.6,0.2,0.38,0.42700000000000005,0.295,0.7809999999999999,1.1,0.028999999999999998
Dwight Powell,45.0,81.5,83.0,84.5,105.0,35.0,140.0,28.5,133.5,234.0,6.2,9.0,9.25,,11.28,3.2,14,2014,CHH,22.346999999999998,F-C,ca,Stanford,2015.0,2020.0,334.0,17.8,7.5,4.5,0.9,0.7,0.5,0.5529999999999999,0.613,0.298,0.748,22.5,0.18100000000000002
Jordan Clarkson,46.0,75.25,77.0,80.0,98.0,38.5,136.5,33.0,131.0,186.0,4.3,8.25,9.0,,10.76,3.28,297,2014,WAS,22.024,G,us,Missouri,2015.0,2020.0,388.0,27.5,14.7,3.2,2.7,0.9,0.1,0.445,0.49700000000000005,0.335,0.818,11.1,0.05
Russ Smith,47.0,71.5,72.75,75.5,95.0,34.0,129.0,29.5,124.5,160.0,3.5,8.25,8.5,,11.57,3.27,421,2014,PHI,23.074,G,us,Louisville,2015.0,2016.0,27.0,4.9,2.0,0.6,0.7,0.3,0.0,0.319,0.387,0.188,0.769,-0.2,-0.068
Lamar Patterson,48.0,76.0,77.25,83.0,101.0,32.5,133.5,27.5,128.5,226.0,10.8,9.0,9.25,,11.63,3.45,395,2014,MIL,22.324,G-F,us,Pitt,2016.0,2017.0,40.0,10.9,2.3,1.4,1.1,0.3,0.1,0.326,0.45,0.23600000000000002,0.72,0.1,0.006
Cameron Bairstow,49.0,80.75,81.75,84.75,107.0,33.5,140.5,31.0,138.0,252.0,8.7,8.75,9.0,,11.39,3.37,444,2014,CHI,23.206999999999997,F-C,au,New Mexico,2015.0,2016.0,36.0,4.6,1.2,1.0,0.2,0.1,0.1,0.29600000000000004,0.306,0.2,0.846,-0.1,-0.021
Dante Exum,5.0,76.5,78.0,81.5,103.0,34.5,137.5,31.5,134.5,196.0,6.4,8.5,9.5,,10.75,3.19,340,2014,UTA,18.352999999999998,G,au,,2015.0,2019.0,204.0,19.3,5.9,1.8,2.3,0.4,0.2,0.4,0.47700000000000004,0.304,0.77,2.7,0.033
Thanasis Antetokounmpo,51.0,77.25,78.25,84.0,104.5,39.5,144.0,31.5,136.0,205.0,6.1,9.0,9.75,,11.39,3.18,1,2014,NYK,21.348000000000003,F,gr,,2016.0,2020.0,3.0,4.0,2.7,1.0,0.3,0.0,0.0,0.667,0.8,0.0,,0.1,0.304
Semaj Christon,55.0,73.5,75.25,78.5,99.0,36.5,135.5,30.5,129.5,186.0,5.3,8.5,8.25,,11.55,3.32,396,2014,MIA,21.241999999999997,G,us,Xavier,2017.0,2017.0,64.0,15.2,2.9,1.4,2.0,0.4,0.1,0.345,0.406,0.19,0.5479999999999999,0.1,0.006
Devyn Marble,56.0,77.0,78.5,81.0,102.0,35.0,137.0,29.0,131.0,192.0,6.9,8.25,8.5,,11.32,3.28,438,2014,DEN,21.283,G-F,us,Iowa,2015.0,2016.0,44.0,10.4,2.2,1.6,0.7,0.5,0.1,0.304,0.377,0.222,0.375,-0.3,-0.027999999999999997
Jordan McRae,58.0,75.75,77.25,84.5,104.0,34.5,138.5,27.5,131.5,179.0,5.2,8.75,8.5,,11.07,3.39,292,2014,SAS,23.096,G,us,Tennessee,2016.0,2020.0,87.0,10.7,5.0,1.2,0.9,0.3,0.2,0.428,0.461,0.35100000000000003,0.7879999999999999,1.0,0.052000000000000005
Marcus Smart,6.0,74.0,75.25,81.25,99.0,36.0,135.0,33.0,132.0,227.0,10.6,9.0,8.75,,10.82,3.26,199,2014,BOS,20.117,G,us,Oklahoma State,2015.0,2020.0,346.0,28.5,9.3,3.5,3.9,1.5,0.4,0.37200000000000005,0.436,0.311,0.764,16.6,0.081
Cory Jefferson,60.0,79.75,81.0,84.5,105.0,37.5,142.5,33.0,138.0,218.0,5.3,8.75,9.75,,12.63,3.36,236,2014,SAS,23.188000000000002,F,us,Baylor,2015.0,2016.0,58.0,10.0,3.5,2.8,0.3,0.2,0.4,0.444,0.474,0.125,0.583,0.9,0.071
Julius Randle,7.0,79.75,81.0,84.0,105.5,35.5,141.0,29.0,134.5,250.0,9.4,8.75,8.25,,11.45,3.27,151,2014,LAL,19.214000000000002,F-C,us,Kentucky,2015.0,2020.0,318.0,28.6,15.3,8.9,2.8,0.6,0.5,0.5,0.522,0.294,0.72,17.6,0.09300000000000001
Nik Stauskas,8.0,77.25,78.5,79.75,102.0,35.5,137.5,29.0,131.0,207.0,12.1,8.5,8.5,,10.79,3.27,352,2014,SAC,20.267,G,ca,Michigan,2015.0,2019.0,335.0,19.9,6.8,2.1,1.5,0.4,0.2,0.389,0.436,0.353,0.8140000000000001,3.8,0.027999999999999997
Noah Vonleh,9.0,80.0,81.5,88.25,108.0,37.0,145.0,31.0,139.0,247.0,7.3,9.75,11.75,,11.45,3.28,221,2014,CHH,18.311,F,us,Indiana,2015.0,2020.0,304.0,17.6,5.1,5.4,0.8,0.4,0.4,0.456,0.496,0.312,0.6859999999999999,8.6,0.077
Justise Winslow,10.0,76.5,78.5,82.25,104.5,,,,,222.0,5.3,8.5,9.25,,,,277,2015,MIA,19.095,F,us,Duke,2016.0,2020.0,234.0,28.4,9.0,5.4,2.7,1.0,0.4,0.418,0.446,0.342,0.642,7.9,0.057
Myles Turner,11.0,81.75,83.5,88.0,112.0,,,,,239.0,9.3,9.25,9.25,,,,56,2015,IND,19.097,C-F,us,Texas,2016.0,2020.0,284.0,28.1,12.9,6.7,1.2,0.7,2.0,0.495,0.522,0.368,0.7709999999999999,22.5,0.135
Trey Lyles,12.0,81.0,82.25,85.5,108.0,,,,,241.0,12.1,9.25,10.25,,,,222,2015,UTA,19.237000000000002,F,ca,Kentucky,2016.0,2020.0,294.0,17.6,7.5,4.0,1.1,0.4,0.3,0.43,0.496,0.32799999999999996,0.706,8.3,0.077
Devin Booker,13.0,76.5,77.75,80.25,102.5,34.5,137.0,27.5,130.0,206.0,8.3,8.75,9.0,8.0,10.22,3.28,283,2015,PHO,18.242,G,us,Kentucky,2016.0,2020.0,278.0,32.9,21.4,3.5,4.3,0.8,0.3,0.43799999999999994,0.478,0.35600000000000004,0.8540000000000001,10.5,0.055
Cameron Payne,14.0,72.75,73.5,79.25,97.5,35.5,133.0,30.0,127.5,183.0,6.3,8.5,8.25,,10.89,3.28,316,2015,OKC,20.326,G,us,Murray State,2016.0,2019.0,153.0,16.0,6.0,1.8,2.5,0.7,0.2,0.397,0.44299999999999995,0.331,0.775,2.2,0.044000000000000004
Kelly Oubre,15.0,77.75,78.75,86.25,102.5,37.0,139.5,34.5,137.0,203.0,5.7,9.0,8.75,7.0,11.1,3.32,250,2015,ATL,19.203,F,us,Kansas,2016.0,2020.0,298.0,22.2,9.5,3.8,0.8,0.8,0.4,0.426,0.502,0.322,0.782,9.1,0.066
Terry Rozier,16.0,72.75,74.25,80.25,98.5,38.0,136.5,33.0,131.5,190.0,5.6,8.25,8.75,7.0,10.88,3.15,172,2015,BOS,21.105,G,us,Louisville,2016.0,2020.0,278.0,20.2,7.9,3.6,2.4,0.7,0.2,0.382,0.40700000000000003,0.354,0.774,10.2,0.087
Rashad Vaughn,17.0,75.75,77.0,79.0,101.0,34.0,135.0,28.0,129.0,199.0,6.2,8.0,8.5,5.0,11.41,3.21,448,2015,MIL,18.317,G,us,UNLV,2016.0,2018.0,139.0,12.0,3.0,1.1,0.5,0.4,0.2,0.337,0.366,0.313,0.6920000000000001,-0.6,-0.017
Sam Dekker,18.0,79.75,81.0,83.5,106.0,34.5,140.5,25.5,131.5,219.0,7.5,8.5,9.25,5.0,10.71,3.28,195,2015,HOU,21.055,F,us,Wisconsin,2016.0,2019.0,200.0,15.5,5.5,3.0,0.8,0.5,0.2,0.478,0.57,0.28800000000000003,0.606,5.4,0.083
Jerian Grant,19.0,75.25,76.25,79.5,100.0,,,,,198.0,5.6,8.25,8.5,,,,200,2015,WAS,22.264,G,us,Notre Dame,2016.0,2019.0,273.0,18.0,6.1,1.9,2.9,0.7,0.1,0.41200000000000003,0.465,0.324,0.7709999999999999,8.3,0.081
D'Angelo Russell,2.0,75.25,77.0,81.75,102.0,,,,,193.0,8.3,8.75,9.75,,,,324,2015,LAL,19.127,G,us,Ohio State,2016.0,2020.0,277.0,28.5,16.6,3.7,5.1,1.1,0.2,0.418,0.465,0.353,0.76,6.7,0.040999999999999995
Delon Wright,20.0,76.25,77.5,79.5,101.5,31.0,132.5,29.5,131.0,181.0,6.6,8.0,8.5,4.0,11.21,3.29,53,2015,TOR,23.065,G,us,Utah,2016.0,2020.0,204.0,19.4,7.5,2.8,2.8,1.0,0.4,0.451,0.499,0.34,0.7979999999999999,11.3,0.13699999999999998
Justin Anderson,21.0,77.25,78.25,83.75,101.0,43.0,144.0,38.0,139.0,231.0,5.0,8.5,9.5,12.0,11.1,3.22,208,2015,DAL,21.223000000000003,G,us,Virginia,2016.0,2019.0,216.0,13.2,5.3,2.6,0.7,0.4,0.3,0.419,0.523,0.302,0.778,4.7,0.079
Bobby Portis,22.0,81.5,82.5,86.0,108.5,31.5,140.0,25.0,133.5,246.0,8.9,9.5,9.25,5.0,11.71,3.56,185,2015,CHI,20.14,F,us,Arkansas,2016.0,2020.0,256.0,20.4,10.2,6.2,1.1,0.5,0.3,0.457,0.49,0.36,0.7509999999999999,9.2,0.085
Rondae Hollis-Jefferson,23.0,77.5,79.0,86.0,104.0,38.0,142.0,32.0,136.0,211.0,5.0,8.75,9.75,13.0,10.51,3.12,209,2015,POR,20.178,F,us,Arizona,2016.0,2020.0,235.0,23.5,9.9,5.9,2.0,1.0,0.6,0.444,0.46799999999999997,0.223,0.738,9.1,0.079
Tyus Jones,24.0,72.25,74.0,77.0,97.0,32.5,129.5,26.5,123.5,185.0,6.5,8.25,8.75,2.0,11.89,3.32,161,2015,CLE,19.05,G,us,Duke,2016.0,2020.0,252.0,17.8,5.1,1.5,3.4,1.0,0.1,0.41700000000000004,0.46299999999999997,0.327,0.807,8.4,0.09
Jarell Martin,25.0,80.0,81.25,81.75,106.5,34.5,141.0,28.5,135.0,239.0,10.1,8.25,,19.0,11.12,3.27,290,2015,MEM,21.037,F,us,LSU,2016.0,2019.0,184.0,15.9,5.4,3.5,0.6,0.4,0.4,0.434,0.457,0.34600000000000003,0.7659999999999999,3.2,0.053
Larry Nance,27.0,79.5,80.5,85.5,108.0,37.5,145.5,29.0,137.0,227.0,6.4,9.0,9.75,10.0,10.89,3.25,63,2015,LAL,22.18,F-C,us,Wyoming,2016.0,2020.0,265.0,22.9,7.8,6.5,1.7,1.2,0.5,0.536,0.5660000000000001,0.294,0.698,16.6,0.131
R.J. Hunter,28.0,76.5,78.0,82.5,104.0,33.5,137.5,27.5,131.5,185.0,6.0,8.5,8.25,1.0,10.97,3.26,294,2015,BOS,21.249000000000002,G,us,Georgia State University,2016.0,2019.0,45.0,8.8,3.0,1.0,0.4,0.4,0.1,0.371,0.523,0.295,0.818,0.4,0.051
Chris McCullough,29.0,80.25,81.0,87.25,109.0,,,,,199.0,6.2,8.75,8.75,,,,286,2015,BRK,20.145,F,us,Syracuse,2016.0,2018.0,59.0,9.0,3.3,1.9,0.3,0.5,0.3,0.426,0.47,0.306,0.5479999999999999,0.6,0.054000000000000006
Kevon Looney,30.0,80.0,81.25,87.5,110.0,,,,,222.0,11.9,9.5,9.25,,,,18,2015,GSW,19.144000000000002,F-C,us,UCLA,2016.0,2020.0,205.0,14.0,4.5,3.8,1.0,0.5,0.6,0.593,0.609,0.222,0.593,10.3,0.172
Montrezl Harrell,32.0,79.0,79.5,88.25,109.0,,,,,253.0,11.9,9.0,9.75,,,,12,2015,HOU,21.155,F-C,us,Louisville,2016.0,2020.0,262.0,19.4,11.4,4.5,1.3,0.5,0.8,0.633,0.6409999999999999,0.156,0.63,20.3,0.191
Jordan Mickey,33.0,79.0,80.25,87.25,106.0,37.5,143.5,33.0,139.0,238.0,7.2,8.75,9.5,9.0,11.8,3.28,298,2015,BOS,20.355999999999998,F,us,LSU,2016.0,2018.0,64.0,7.5,2.4,2.0,0.3,0.1,0.4,0.449,0.496,0.11800000000000001,0.605,0.5,0.05
Anthony Brown,34.0,77.25,80.5,83.25,104.5,34.5,139.0,27.5,132.0,211.0,6.1,8.5,9.0,4.0,11.06,3.18,450,2015,LAL,22.263,F-G,us,Stanford,2016.0,2018.0,41.0,18.6,3.9,2.5,0.7,0.5,0.1,0.32799999999999996,0.38,0.28600000000000003,0.85,-0.2,-0.016
Rakeem Christmas,36.0,80.25,81.75,89.25,110.5,,,29.0,139.5,243.0,9.6,9.25,,9.0,11.57,3.47,123,2015,MIN,23.212,F,us,Syracuse,2016.0,2017.0,30.0,7.5,2.1,1.9,0.1,0.1,0.2,0.467,0.467,,0.7240000000000001,0.5,0.105
Richaun Holmes,37.0,80.25,81.5,85.5,108.0,36.0,144.0,32.5,140.5,243.0,8.8,8.5,8.5,15.0,11.37,3.32,33,2015,PHI,21.258000000000003,F-C,us,Bowling Green,2016.0,2020.0,233.0,17.1,7.8,4.4,0.9,0.5,0.9,0.57,0.612,0.257,0.706,13.0,0.156
Pat Connaughton,41.0,76.0,77.25,80.75,96.0,44.0,140.0,37.5,133.5,215.0,10.2,8.5,9.25,13.0,10.74,3.2,131,2015,BRK,22.175,G,us,Notre Dame,2016.0,2020.0,221.0,14.9,4.7,2.3,1.2,0.3,0.2,0.43799999999999994,0.5429999999999999,0.349,0.7979999999999999,7.0,0.102
Andrew Harrison,44.0,76.5,77.5,81.0,100.0,33.0,133.0,26.5,126.5,213.0,5.9,8.25,9.25,,11.16,3.34,295,2015,PHO,20.245,G,us,Kentucky,2017.0,2019.0,145.0,20.6,7.0,2.0,2.8,0.7,0.3,0.373,0.42200000000000004,0.294,0.779,3.2,0.051
Norman Powell,46.0,75.0,76.25,82.75,102.5,40.5,143.0,32.5,135.0,215.0,6.4,9.25,9.0,5.0,10.76,3.2,201,2015,MIL,22.035999999999998,G,us,UCLA,2016.0,2020.0,261.0,17.0,7.1,2.2,1.2,0.6,0.2,0.441,0.51,0.34299999999999997,0.8059999999999999,7.4,0.081
Dakari Johnson,48.0,83.0,83.75,86.0,112.0,25.0,137.0,22.5,134.5,265.0,14.9,9.25,10.5,4.0,11.5,3.62,15,2015,OKC,19.281,C,us,Kentucky,2018.0,2018.0,31.0,5.2,1.8,1.1,0.3,0.2,0.3,0.564,0.564,,0.55,0.6,0.17800000000000002
Branden Dawson,56.0,77.5,78.75,83.0,105.0,34.5,139.5,28.5,133.5,230.0,5.8,9.0,8.75,12.0,12.37,3.2,243,2015,NOP,22.149,F,us,Michigan State,2016.0,2016.0,6.0,4.8,0.8,0.7,0.0,0.0,0.2,0.4,0.4,,1.0,0.0,0.069
Willie Cauley-Stein,6.0,83.25,84.5,87.0,111.0,,,,,242.0,6.3,9.5,9.0,,,,87,2015,SAC,21.316,F-C,us,Kentucky,2016.0,2020.0,298.0,24.0,10.1,6.4,1.6,0.9,0.8,0.535,0.537,0.222,0.612,17.6,0.11800000000000001
Stanley Johnson,8.0,77.0,78.5,83.5,102.0,,,,,242.0,7.5,9.0,9.0,,,,357,2015,DET,19.031,F,us,Arizona,2016.0,2020.0,287.0,21.5,6.9,3.4,1.5,0.9,0.2,0.374,0.431,0.293,0.764,3.3,0.026000000000000002
Frank Kaminsky,9.0,83.75,84.75,83.0,109.5,,,,,231.0,9.4,8.5,9.5,,,,191,2015,CHO,22.087,F-C,us,Wisconsin,2016.0,2020.0,288.0,22.2,9.8,4.0,1.6,0.5,0.4,0.418,0.469,0.345,0.763,11.2,0.084
Thon Maker,10.0,83.75,84.75,87.0,110.5,36.5,147.0,32.0,142.5,216.0,6.1,8.75,9.5,,11.15,3.33,210,2016,MIL,19.123,F-C,ss,,2017.0,2020.0,202.0,14.2,4.6,2.8,0.6,0.4,0.7,0.418,0.49,0.32299999999999995,0.674,4.8,0.079
Denzel Valentine,14.0,76.0,77.75,82.75,102.0,32.0,134.0,27.0,129.0,210.0,9.2,8.5,9.75,,10.51,3.46,304,2016,CHI,22.225,G,us,Michigan State,2017.0,2020.0,135.0,22.8,8.0,4.0,2.3,0.7,0.1,0.39899999999999997,0.43200000000000005,0.374,0.754,3.1,0.048
Justin Jackson,15.0,79.0,80.25,82.75,103.5,34.5,138.0,29.5,133.0,193.0,7.6,8.75,8.75,,11.32,3.26,267,2017,POR,22.092,G-F,us,UNC,2018.0,2020.0,155.0,20.6,6.9,2.6,1.1,0.4,0.2,0.447,0.546,0.336,0.769,4.1,0.061
Wade Baldwin,17.0,74.5,76.0,83.25,100.0,38.0,138.0,32.5,132.5,202.0,5.2,9.0,9.75,,10.45,3.19,439,2016,MEM,20.090999999999998,G,us,Vanderbilt,2017.0,2019.0,56.0,10.3,3.1,1.2,1.4,0.4,0.2,0.355,0.38299999999999995,0.25,0.7759999999999999,-0.3,-0.027999999999999997
Henry Ellenson,18.0,82.0,83.5,86.25,108.0,,,,,242.0,11.2,8.5,9.75,,,,362,2016,DET,19.166,F,us,Marquette,2017.0,2019.0,76.0,9.7,4.3,2.5,0.6,0.2,0.0,0.377,0.395,0.353,0.774,0.3,0.022000000000000002
Malik Beasley,19.0,75.5,76.5,79.0,100.5,,,,,190.0,6.9,8.5,9.0,,,,170,2016,DEN,19.214000000000002,G,us,Florida State,2017.0,2020.0,171.0,16.0,7.3,1.7,0.8,0.5,0.1,0.456,0.527,0.39,0.795,5.0,0.08800000000000001
Caris LeVert,20.0,77.75,79.0,82.0,101.0,,,,,191.0,7.6,8.5,9.25,,,,257,2016,IND,21.308000000000003,G-F,us,Michigan,2017.0,2020.0,174.0,25.0,11.4,3.6,3.4,1.0,0.3,0.43799999999999994,0.498,0.32899999999999996,0.706,5.8,0.064
Malachi Richardson,22.0,76.75,78.25,84.0,101.5,38.0,139.5,33.0,134.5,200.0,7.0,8.75,10.0,,10.56,3.33,456,2016,CHO,20.175,G,us,Syracuse,2017.0,2019.0,70.0,8.9,2.8,1.0,0.3,0.2,0.0,0.358,0.415,0.301,0.7829999999999999,-0.1,-0.009000000000000001
Brice Johnson,25.0,81.0,82.5,84.5,106.5,38.0,144.5,33.5,140.0,209.0,7.5,9.0,8.25,,11.88,3.2,264,2016,LAC,22.002,F,us,UNC,2017.0,2018.0,21.0,5.1,2.2,1.6,0.1,0.5,0.3,0.449,0.45799999999999996,0.0,0.6,0.1,0.062
Caleb Swanigan,26.0,79.5,80.5,87.5,107.0,29.0,136.0,26.0,133.0,247.0,12.6,9.0,10.25,,12.8,,433,2017,POR,20.07,F,us,Purdue,2018.0,2020.0,52.0,7.3,2.1,2.3,0.5,0.2,0.1,0.374,0.41,0.133,0.655,-0.3,-0.034
Pascal Siakam,27.0,80.25,81.5,87.25,107.5,36.5,144.0,30.5,138.0,227.0,5.2,9.25,10.0,,11.25,3.41,42,2016,TOR,22.088,F,cm,New Mexico State,2017.0,2020.0,222.0,23.8,10.5,5.2,2.0,0.7,0.6,0.528,0.5870000000000001,0.319,0.757,16.3,0.14800000000000002
Jaylen Brown,3.0,77.25,78.75,83.75,102.5,,,,,223.0,5.1,8.75,9.0,,,,202,2016,BOS,19.247,F-G,us,Cal,2017.0,2020.0,225.0,24.4,11.3,4.0,1.3,0.8,0.4,0.46299999999999997,0.518,0.364,0.6579999999999999,9.3,0.081
Damian Jones,30.0,82.25,83.5,87.75,107.0,37.0,144.0,36.0,143.0,244.0,6.6,8.75,10.5,,11.35,3.2,57,2016,GSW,20.364,F-C,us,Vanderbilt,2017.0,2020.0,53.0,11.8,3.5,2.2,0.6,0.3,0.6,0.647,0.644,1.0,0.589,1.8,0.135
Josh Hart,30.0,76.0,77.5,80.5,99.5,38.5,138.0,29.5,129.0,204.0,5.8,8.5,9.25,,11.15,3.2,186,2017,UTA,22.114,G,us,Villanova,2018.0,2020.0,136.0,24.6,8.1,4.1,1.3,0.9,0.4,0.43700000000000006,0.532,0.364,0.713,5.9,0.085
Deyonta Davis,31.0,81.25,82.5,86.5,108.5,,,,,237.0,9.7,9.0,9.25,,,,64,2016,BOS,19.208,C-F,us,Michigan State,2017.0,2019.0,107.0,12.1,4.2,3.2,0.4,0.2,0.6,0.599,0.601,0.0,0.635,3.6,0.131
Cheick Diallo,33.0,79.5,81.0,88.5,107.5,35.0,142.5,31.0,138.5,219.0,5.6,8.5,9.75,,11.24,3.26,49,2016,LAC,19.288,F,ml,Kansas,2017.0,2020.0,136.0,12.4,5.4,4.5,0.4,0.3,0.4,0.5870000000000001,0.589,0.25,0.75,5.0,0.142
Tyler Ulis,34.0,68.75,70.0,74.0,88.5,38.0,126.5,32.5,121.0,149.0,5.2,7.5,7.5,,10.8,3.2,391,2016,PHO,20.175,G,us,Kentucky,2017.0,2019.0,133.0,20.9,7.5,1.7,4.0,0.9,0.1,0.40299999999999997,0.439,0.28,0.8079999999999999,0.5,0.008
Malcolm Brogdon,36.0,75.75,77.5,82.5,98.0,35.5,133.5,30.5,128.5,223.0,5.4,9.0,10.25,,10.77,3.31,72,2016,MIL,23.2,G,us,Virginia,2017.0,2020.0,193.0,28.2,13.1,3.6,3.8,0.9,0.2,0.483,0.519,0.405,0.902,14.5,0.127
Chinanu Onuaku,37.0,81.0,82.0,86.75,108.5,33.5,142.0,27.5,136.0,245.0,8.6,9.0,8.0,,11.65,3.5,320,2016,HOU,19.239,F-C,us,Louisville,2017.0,2018.0,6.0,12.3,3.0,2.3,0.7,0.5,0.2,0.583,0.583,,1.0,0.1,0.043
Patrick McCaw,38.0,77.25,78.75,82.0,100.5,38.0,138.5,30.0,130.5,181.0,4.7,8.75,8.75,,11.01,3.3,278,2016,MIL,20.247,G,us,UNLV,2017.0,2020.0,159.0,15.5,3.7,1.5,1.2,0.6,0.2,0.42200000000000004,0.516,0.299,0.784,2.9,0.057
Diamond Stone,40.0,81.0,82.25,86.75,108.5,29.5,138.0,27.0,135.5,254.0,12.9,8.5,7.75,,12.02,3.5,409,2016,NOP,19.137999999999998,C,us,Maryland,2017.0,2017.0,7.0,3.4,1.4,0.9,0.0,0.0,0.1,0.231,0.231,,1.0,-0.1,-0.21100000000000002
Stephen Zimmerman,41.0,82.25,83.75,87.25,108.5,31.0,139.5,26.0,134.5,234.0,11.2,9.0,9.0,,12.08,3.43,463,2016,ORL,19.292,C,us,UNLV,2017.0,2017.0,19.0,5.7,1.2,1.8,0.2,0.1,0.3,0.32299999999999995,0.32299999999999995,,0.6,0.0,-0.005
Isaiah Whitehead,42.0,75.25,76.5,80.75,100.0,35.5,135.5,27.5,127.5,210.0,9.3,8.5,8.75,,11.65,3.34,440,2016,UTA,21.113000000000003,G,us,Seton Hall,2017.0,2018.0,89.0,20.5,7.2,2.4,2.4,0.6,0.4,0.41100000000000003,0.452,0.305,0.7879999999999999,-0.9,-0.025
Zhou Qi,43.0,85.25,86.25,91.75,112.5,32.0,144.5,31.5,144.0,218.0,4.9,9.25,9.5,,11.27,3.46,418,2016,HOU,20.164,F-C,cn,,2018.0,2019.0,19.0,6.6,1.3,1.2,0.1,0.1,0.7,0.212,0.35700000000000004,0.105,0.667,-0.2,-0.09300000000000001
Demetrius Jackson,45.0,72.0,73.25,77.5,93.0,43.5,136.5,37.5,130.5,194.0,6.5,8.25,9.0,,10.81,3.25,173,2016,BOS,21.295,G,us,Notre Dame,2017.0,2019.0,26.0,5.2,1.8,0.7,0.7,0.3,0.0,0.486,0.609,0.28600000000000003,0.667,0.2,0.087
Jake Layman,47.0,80.0,81.25,81.25,102.0,39.5,141.5,33.0,135.0,209.0,7.1,8.25,9.25,,11.35,3.24,233,2016,ORL,22.114,F,us,Maryland,2017.0,2020.0,146.0,12.7,4.8,1.8,0.5,0.3,0.3,0.455,0.574,0.309,0.713,2.8,0.073
Michael Gbinije,49.0,77.5,78.75,79.5,101.0,37.5,138.5,33.5,134.5,205.0,5.4,8.0,9.0,,11.0,3.12,410,2016,DET,24.024,G,us,Syracuse,2017.0,2017.0,9.0,3.6,0.4,0.3,0.2,0.0,0.0,0.1,0.16699999999999998,0.0,1.0,-0.1,-0.136
Kris Dunn,5.0,75.0,76.25,81.5,100.0,,,,,,,,,,,,372,2016,MIN,22.103,G,us,Providence,2017.0,2020.0,183.0,24.0,8.4,3.2,4.3,1.4,0.5,0.415,0.442,0.312,0.718,1.7,0.018000000000000002
Georges Niang,50.0,78.75,80.5,82.0,103.0,31.0,134.0,25.0,128.0,231.0,10.1,9.25,9.25,,11.64,3.49,211,2016,IND,23.011999999999997,F,us,Iowa State,2017.0,2020.0,97.0,7.2,3.0,1.2,0.5,0.2,0.1,0.44,0.532,0.364,0.8440000000000001,1.1,0.079
Ben Bentil,51.0,79.25,80.25,85.5,105.0,33.0,138.0,29.0,134.0,229.0,9.7,9.5,10.0,,11.16,3.3,404,2016,BOS,21.092,F,gh,Providence,2017.0,2017.0,3.0,3.3,0.0,0.7,0.0,0.0,0.0,0.0,0.0,0.0,,-0.1,-0.473
Joel Bolomboy,52.0,79.5,81.0,85.75,103.5,40.5,144.0,37.5,141.0,224.0,5.2,9.0,10.25,,10.26,3.17,61,2016,UTA,22.151999999999997,F,ua,Weber State,2017.0,2018.0,18.0,5.1,1.7,1.5,0.1,0.2,0.1,0.545,0.647,0.2,0.5,0.3,0.132
Kay Felder,54.0,68.25,69.5,74.5,88.5,44.0,132.5,35.5,124.0,177.0,5.8,8.25,8.5,,11.52,3.15,429,2016,ATL,21.092,G,us,Oakland,2017.0,2018.0,58.0,9.1,3.8,1.0,1.3,0.4,0.1,0.364,0.385,0.268,0.754,-0.4,-0.040999999999999995
Marcus Paige,55.0,72.5,73.75,78.25,97.0,39.5,136.5,33.5,130.5,164.0,4.3,7.75,8.75,,10.82,3.15,461,2016,BRK,22.291,G,us,UNC,2018.0,2018.0,5.0,5.6,2.4,0.8,0.6,0.0,0.0,0.28600000000000003,0.33299999999999996,0.25,1.0,0.0,-0.006
Daniel Hamilton,56.0,78.25,80.0,81.0,103.5,29.0,132.5,26.0,129.5,197.0,6.0,9.0,8.5,,11.48,3.4,402,2016,DEN,20.325,G-F,us,UConn,2018.0,2019.0,25.0,9.3,2.8,2.1,1.2,0.3,0.0,0.39399999999999996,0.419,0.35700000000000004,0.5,0.0,0.0
Jaron Blossomgame,59.0,78.25,79.25,82.0,102.0,41.0,143.0,35.0,137.0,214.0,5.3,8.5,10.0,,11.53,3.2,347,2017,SAS,23.285,F,us,Clemson,2019.0,2019.0,27.0,16.3,4.2,3.6,0.5,0.3,0.3,0.44299999999999995,0.552,0.256,0.769,0.3,0.03
Buddy Hield,6.0,75.75,77.0,81.25,101.0,,,,,212.0,6.1,8.5,9.0,,,,237,2016,NOP,23.194000000000003,G,bs,Oklahoma,2017.0,2020.0,251.0,26.9,15.0,4.0,2.0,0.7,0.3,0.445,0.47,0.41700000000000004,0.872,9.9,0.071
Marquese Chriss,8.0,80.75,82.0,84.25,105.0,38.5,143.5,32.5,137.5,233.0,8.5,9.0,9.0,,11.93,3.26,349,2016,SAC,18.361,F,us,Washington,2017.0,2020.0,202.0,19.0,7.5,4.5,0.9,0.7,0.8,0.429,0.509,0.29600000000000004,0.634,2.3,0.028999999999999998
Zach Collins,10.0,82.25,84.0,85.0,111.0,,,,,232.0,8.9,8.75,9.25,,,,238,2017,SAC,19.22,C-F,us,Gonzaga,2018.0,2020.0,146.0,17.0,5.7,3.8,0.9,0.3,0.7,0.442,0.503,0.324,0.73,3.7,0.071
Luke Kennard,12.0,76.5,77.5,77.25,98.5,,,,,196.0,6.6,8.0,8.75,,,,168,2017,DET,21.003,G,us,Duke,2018.0,2020.0,143.0,21.8,9.0,2.6,1.8,0.5,0.2,0.441,0.473,0.406,0.856,5.8,0.08900000000000001
Donovan Mitchell,13.0,73.25,75.0,82.0,97.0,40.5,137.5,36.5,133.5,211.0,5.9,8.5,9.5,,11.53,3.01,132,2017,DEN,20.293,G,us,Louisville,2018.0,2020.0,163.0,33.6,22.2,4.0,3.9,1.5,0.4,0.43799999999999994,0.486,0.353,0.804,11.7,0.102
Bam Adebayo,14.0,80.75,81.75,86.75,108.0,38.5,146.5,33.5,141.5,243.0,5.2,9.5,8.75,,11.94,3.24,24,2017,MIA,19.344,C-F,us,Kentucky,2018.0,2020.0,157.0,22.1,8.2,6.6,2.0,0.7,0.7,0.551,0.563,0.154,0.722,12.0,0.166
Justin Patton,16.0,82.0,83.25,87.0,111.5,30.5,142.0,26.0,137.5,229.0,7.8,8.75,9.75,,11.8,3.46,449,2017,CHI,20.012999999999998,C,us,Creighton,2018.0,2020.0,5.0,6.2,1.4,1.6,0.6,0.6,0.0,0.273,0.375,0.0,0.5,0.0,-0.017
D.J. Wilson,17.0,80.75,82.5,87.0,109.5,,,,,234.0,6.4,9.25,10.25,,,,162,2017,MIL,21.129,F,us,Michigan,2018.0,2020.0,72.0,13.3,4.2,3.3,0.8,0.3,0.3,0.42100000000000004,0.478,0.363,0.551,1.8,0.09
T.J. Leaf,18.0,80.75,81.75,83.0,107.0,34.5,141.5,29.0,136.0,222.0,6.8,8.5,9.5,,11.55,3.27,106,2017,IND,20.058,F,il,UCLA,2018.0,2020.0,116.0,9.0,3.5,2.0,0.3,0.1,0.2,0.499,0.541,0.354,0.633,2.5,0.113
John Collins,19.0,80.25,81.5,83.25,106.5,37.5,144.0,33.0,139.5,225.0,5.4,9.0,10.0,,11.66,3.27,34,2017,ATL,19.277,F,us,Wake Forest,2018.0,2020.0,140.0,27.0,14.6,8.4,1.6,0.5,0.9,0.564,0.603,0.35700000000000004,0.742,12.1,0.154
Harry Giles,20.0,81.25,82.5,87.25,109.5,32.5,142.0,27.0,136.5,232.0,5.2,9.5,10.75,,11.08,3.34,280,2017,POR,19.066,F-C,us,Duke,2019.0,2019.0,58.0,14.1,7.0,3.8,1.5,0.5,0.4,0.503,0.512,0.0,0.637,1.0,0.055999999999999994
Terrance Ferguson,21.0,77.5,79.0,80.75,103.0,38.0,141.0,28.5,131.5,184.0,5.8,8.5,10.0,,11.16,3.32,235,2017,OKC,19.041,G-F,us,,2018.0,2020.0,141.0,20.1,5.1,1.4,0.7,0.5,0.2,0.424,0.5710000000000001,0.355,0.762,4.2,0.07200000000000001
Jarrett Allen,22.0,81.0,82.25,89.25,109.5,35.5,145.0,31.5,141.0,234.0,7.4,9.5,10.5,,11.82,3.21,31,2017,BRK,19.067,C-F,us,Texas,2018.0,2020.0,158.0,23.4,9.5,7.1,1.0,0.5,1.4,0.589,0.615,0.183,0.722,12.2,0.159
OG Anunoby,23.0,78.25,79.75,86.25,107.5,,,,,232.0,6.8,9.25,9.5,,,,163,2017,TOR,19.345,F,gb,Indiana,2018.0,2020.0,147.0,20.7,6.7,2.9,0.7,0.7,0.3,0.46799999999999997,0.59,0.35600000000000004,0.598,5.7,0.09
Tyler Lydon,24.0,80.25,81.5,84.0,107.5,33.5,141.0,29.5,137.0,215.0,13.6,8.75,8.75,,11.68,3.46,193,2017,UTA,21.079,F,us,Syracuse,2018.0,2019.0,26.0,3.7,0.9,0.7,0.2,0.1,0.0,0.5,0.625,0.4,0.33299999999999996,0.2,0.084
Kyle Kuzma,27.0,80.0,81.5,84.25,107.5,34.0,141.5,27.0,134.5,223.0,9.4,8.5,9.5,,10.72,3.25,240,2017,BRK,21.339000000000002,F,us,Utah,2018.0,2020.0,149.0,31.9,17.2,5.8,2.1,0.6,0.4,0.45299999999999996,0.5329999999999999,0.33299999999999996,0.732,7.0,0.07
Tony Bradley,28.0,81.25,82.75,89.0,112.5,27.5,140.0,24.5,137.0,249.0,12.0,9.5,9.5,,11.79,3.44,41,2017,LAL,19.17,F-C,us,UNC,2018.0,2020.0,16.0,5.6,2.6,2.2,0.1,0.1,0.3,0.486,0.5,0.0,0.7,0.3,0.15
Derrick White,29.0,75.25,76.5,79.5,101.5,36.5,138.0,35.5,137.0,190.0,6.2,8.25,8.5,,10.84,3.08,98,2017,SAS,22.361,G,us,Colorado,2018.0,2020.0,90.0,22.3,8.9,3.2,3.1,0.8,0.6,0.486,0.527,0.371,0.77,4.8,0.115
Frank Jackson,31.0,74.0,75.5,79.5,98.0,42.0,140.0,35.5,133.5,202.0,6.7,8.25,9.0,,10.94,3.14,369,2017,CHO,19.054000000000002,G,us,Duke,2019.0,2020.0,67.0,19.1,8.4,2.1,1.2,0.4,0.0,0.43700000000000006,0.511,0.32,0.75,0.6,0.021
Davon Reed,32.0,76.5,77.5,84.0,102.0,36.0,138.0,28.5,130.5,206.0,6.5,9.25,9.5,,11.37,3.34,432,2017,PHO,22.017,G,us,Miami (FL),2018.0,2019.0,31.0,9.3,2.4,1.5,0.5,0.4,0.1,0.307,0.304,0.31,0.667,-0.2,-0.039
Wesley Iwundu,33.0,77.5,78.75,85.0,105.5,36.0,141.5,31.5,137.0,193.0,4.0,8.75,9.5,,11.25,3.36,293,2017,ORL,22.19,F,us,Kansas State,2018.0,2020.0,131.0,17.3,4.4,2.5,1.0,0.5,0.3,0.41700000000000004,0.457,0.302,0.787,2.4,0.052000000000000005
Frank Mason,34.0,71.0,72.0,75.25,94.0,41.0,135.0,34.0,128.0,189.0,4.3,8.0,9.25,,11.41,3.18,350,2017,SAC,23.086,G,us,Kansas,2018.0,2019.0,90.0,15.8,6.8,1.9,2.6,0.6,0.2,0.392,0.426,0.3,0.773,0.9,0.028999999999999998
Ivan Rabb,35.0,80.75,82.0,85.5,109.0,32.5,141.5,28.5,137.5,220.0,6.8,8.75,9.0,,12.68,3.35,77,2017,ORL,20.143,F,us,Cal,2018.0,2019.0,85.0,14.6,5.7,4.3,1.0,0.3,0.3,0.555,0.57,0.2,0.743,3.2,0.125
Semi Ojeleye,37.0,77.25,78.75,81.75,102.0,40.5,142.5,35.0,137.0,241.0,5.5,8.75,9.5,,10.58,3.16,296,2017,BOS,22.205,F,us,SMU,2018.0,2020.0,134.0,13.5,2.9,1.9,0.3,0.2,0.1,0.38,0.489,0.312,0.612,1.9,0.051
Jordan Bell,38.0,79.0,80.5,83.75,104.5,38.0,142.5,31.5,136.0,224.0,5.4,9.25,9.5,,10.63,3.21,60,2017,CHI,22.171999999999997,F,us,Oregon,2018.0,2020.0,128.0,12.7,3.9,3.2,1.4,0.4,0.8,0.573,0.5820000000000001,0.0,0.6509999999999999,4.5,0.133
Jawun Evans,39.0,70.75,71.5,77.5,95.0,33.5,128.5,27.5,122.5,185.0,9.1,8.0,7.75,,11.34,3.21,442,2017,PHI,20.336,G,us,Oklahoma State,2018.0,2019.0,56.0,15.1,4.2,1.7,2.0,0.7,0.1,0.345,0.36700000000000005,0.263,0.7759999999999999,-0.4,-0.022000000000000002
Dwayne Bacon,40.0,76.75,78.25,82.0,103.5,36.5,140.0,30.0,133.5,222.0,7.9,8.75,10.0,,11.7,3.22,353,2017,NOP,21.302,G,us,Florida State,2018.0,2020.0,102.0,16.1,5.6,2.4,1.0,0.3,0.1,0.42200000000000004,0.449,0.355,0.753,1.0,0.027999999999999997
Tyler Dorsey,41.0,75.0,76.5,77.25,99.5,36.0,135.5,30.5,130.0,183.0,4.7,8.5,9.25,,10.55,3.16,346,2017,ATL,21.13,G,us,Oregon,2018.0,2019.0,104.0,16.1,6.7,2.3,1.3,0.3,0.1,0.389,0.429,0.35,0.669,1.0,0.03
Thomas Bryant,42.0,81.5,82.75,90.0,112.5,33.0,145.5,25.5,138.0,248.0,9.4,9.5,10.25,,11.42,3.37,27,2017,UTA,19.331,C,us,Indiana,2018.0,2020.0,92.0,18.6,9.1,5.7,1.2,0.3,0.9,0.591,0.6709999999999999,0.304,0.769,5.9,0.165
Damyean Dotson,44.0,76.5,77.5,81.0,100.0,38.0,138.0,31.5,131.5,205.0,5.3,8.5,9.25,,11.18,3.13,325,2017,NYK,23.053,G,us,Oregon,2018.0,2020.0,120.0,20.8,8.1,2.9,1.4,0.6,0.1,0.42200000000000004,0.47700000000000004,0.36200000000000004,0.7340000000000001,2.1,0.040999999999999995
Dillon Brooks,45.0,77.0,78.0,78.0,100.5,37.5,138.0,31.0,131.5,220.0,7.5,8.25,9.25,,11.14,3.21,363,2017,HOU,21.156999999999996,F-G,ca,Oregon,2018.0,2020.0,105.0,26.8,10.4,2.9,1.5,0.8,0.2,0.434,0.47,0.364,0.7509999999999999,1.3,0.022000000000000002
Ike Anigbogu,47.0,80.5,81.75,90.25,110.5,32.5,143.0,29.5,140.0,252.0,5.4,9.5,10.0,,12.52,3.44,279,2017,IND,18.253,F-C,us,UCLA,2018.0,2019.0,14.0,2.6,0.9,0.9,0.1,0.1,0.3,0.33299999999999996,0.33299999999999996,,0.833,0.0,0.057
Sindarius Thornwell,48.0,75.5,76.75,82.0,103.0,30.5,133.5,27.0,130.0,212.0,7.8,8.75,8.75,,11.48,3.36,338,2017,MIL,22.225,G,us,South Carolina,2018.0,2019.0,137.0,10.7,2.5,1.3,0.6,0.5,0.2,0.415,0.442,0.342,0.6890000000000001,1.0,0.034
De'Aaron Fox,5.0,74.0,75.25,78.5,100.0,,,,,170.0,4.5,8.5,8.5,,,,291,2017,SAC,19.189,G,us,Kentucky,2018.0,2020.0,161.0,29.8,14.7,3.3,5.9,1.3,0.4,0.43700000000000006,0.461,0.345,0.725,5.3,0.053
Monte Morris,51.0,73.25,74.5,76.0,96.5,33.5,130.0,28.0,124.5,175.0,6.9,8.25,8.75,,11.0,3.19,45,2017,DEN,22.000999999999998,G,us,Iowa State,2018.0,2020.0,91.0,23.0,9.9,2.2,3.5,0.9,0.0,0.485,0.516,0.41600000000000004,0.8109999999999999,6.4,0.147
Edmond Sumner,52.0,76.0,77.75,81.0,102.5,,,,,176.0,8.3,8.25,9.0,,,,299,2017,NOP,21.179000000000002,G,us,Xavier,2018.0,2020.0,27.0,10.3,3.3,1.0,0.6,0.6,0.2,0.386,0.47200000000000003,0.233,0.621,0.3,0.049
Kadeem Allen,53.0,73.0,74.25,81.25,99.5,35.5,135.0,33.0,132.5,192.0,6.4,8.5,8.75,,11.24,3.15,205,2017,BOS,24.164,G,us,Arizona,2018.0,2019.0,37.0,14.1,5.6,1.7,2.4,0.5,0.2,0.436,0.466,0.36200000000000004,0.778,0.9,0.08
Alec Peters,54.0,79.25,80.75,82.75,105.0,,,,,232.0,8.8,8.75,10.0,,,,285,2017,PHO,22.076,F,us,Valparaiso,2018.0,2018.0,20.0,11.3,4.1,1.9,0.6,0.1,0.1,0.37799999999999995,0.625,0.31,0.8,0.3,0.055
Nigel Williams-Goss,55.0,73.5,75.0,79.25,99.0,34.5,133.5,27.5,126.5,190.0,5.6,8.75,9.25,,10.42,3.19,407,2017,UTA,22.285,G,us,Gonzaga,2020.0,2020.0,3.0,2.3,0.0,0.0,0.3,0.0,0.0,0.0,,0.0,,0.0,-0.249
