X1,Player,Year.x,Draft pick,Height (No Shoes),Height (With Shoes),Wingspan,Standing reach,Vertical (Max),Vertical (Max Reach),Vertical (No Step),Vertical (No Step Reach),Weight,Body Fat,Hand (Length),Hand (Width),Bench,Agility,Sprint,Rk,Year.y,Lg,Rd,Pk,Tm,Age,Pos,Born,College,From,To,G,MPG,PPG,RPG,APG,SPG,BPG,FG%,2P%,3P%,FT%,WS,WS/48
0,Blake Griffin,2009,1,80.5,82,83.25,105,35.5,140.5,32,137,248,8.2,NA,NA,22,10.95,3.28,19,2009,NBA,1,1,LAC,20.106,F,us,Oklahoma,2011,2019,604,35,21.9,9,4.5,0.9,0.5,0.502,0.522,0.342,0.692,75.3,0.171
1,Terrence Williams,2009,11,77,78.25,81,103.5,37,140.5,30.5,134,213,5.1,NA,NA,9,11.15,3.18,464,2009,NBA,1,11,NJN,22.003,F,us,Louisville,2010,2013,153,19.1,7.1,3.6,2.4,0.5,0.1,0.412,0.432,0.317,0.659,-0.2,-0.004
2,Gerald Henderson,2009,12,76,77,82.25,102.5,35,137.5,31.5,134,215,4.4,NA,NA,8,11.17,3.14,258,2009,NBA,1,12,CHA,21.204,G,us,Duke,2010,2017,535,25.9,11.2,3.2,1.9,0.7,0.3,0.44,0.46,0.327,0.793,18.3,0.063
3,Tyler Hansbrough,2009,13,80.25,81.5,83.5,106,34,140,27.5,133.5,234,8.5,NA,NA,18,11.12,3.27,58,2009,NBA,1,13,IND,23.24,F,us,UNC,2010,2016,428,16.9,6.7,4.2,0.4,0.5,0.2,0.439,0.442,0.136,0.738,20.2,0.134
4,Earl Clark,2009,14,80.5,82.25,86.5,109.5,33,142.5,28.5,138,228,5.2,NA,NA,5,11.17,3.35,329,2009,NBA,1,14,PHO,21.165,F,us,Louisville,2010,2015,261,13.9,4.4,3,0.5,0.3,0.5,0.403,0.424,0.328,0.664,2.9,0.038
5,Austin Daye,2009,15,81.75,82.75,86.75,110,28,138,25,135,192,5.5,NA,NA,NA,12.11,3.55,287,2009,NBA,1,15,DET,21.025,F,us,Gonzaga,2010,2015,293,14.1,5.2,2.6,0.7,0.4,0.4,0.402,0.433,0.351,0.778,4.5,0.053
6,James Johnson,2009,16,79,79.75,84.75,105.5,35,140.5,30.5,136,257,12,NA,NA,18,11.21,3.23,154,2009,NBA,1,16,CHI,22.131,F,us,Wake Forest,2010,2020,603,20.7,8,3.6,2.1,0.8,0.9,0.477,0.532,0.305,0.695,23.6,0.091
7,Jrue Holiday,2009,17,75.25,76.25,79,100.5,34,134.5,28.5,129,199,6.3,NA,NA,6,10.64,3.21,174,2009,NBA,1,17,PHI,19.018,G,us,UCLA,2010,2020,656,33.1,15.6,3.8,6.4,1.5,0.5,0.452,0.486,0.355,0.784,39.1,0.086
8,Ty Lawson,2009,18,71.25,72.5,72.75,94.5,36.5,131,29,123.5,197,6.6,NA,NA,14,10.98,3.12,73,2009,NBA,1,18,MIN,21.24,G,us,UNC,2010,2017,551,29.2,12.7,2.7,6,1.2,0.1,0.46,0.493,0.359,0.77,42.1,0.126
9,Jeff Teague,2009,19,72.25,73.5,79.5,98.5,36.5,135,30.5,129,175,4.5,NA,NA,13,11.05,3.18,85,2009,NBA,1,19,ATL,21.02,G,us,Wake Forest,2010,2020,717,27.7,12.7,2.5,5.8,1.2,0.3,0.446,0.475,0.355,0.842,48.9,0.118
10,Hasheem Thabeet,2009,2,85.25,86.5,90.25,113,NA,NA,NA,NA,267,6.7,NA,NA,NA,NA,NA,139,2009,NBA,1,2,MEM,22.135,C,tz,UConn,2010,2014,224,10.5,2.2,2.7,0.1,0.3,0.8,0.567,0.567,NA,0.578,4.8,0.099
11,Eric Maynor,2009,20,74.25,75.25,74.5,97,31.5,128.5,28.5,125.5,164,5.4,NA,NA,8,10.78,3.19,323,2009,NBA,1,20,UTA,22.02,G,us,Virginia Commonwealth,2010,2014,267,14.6,4.3,1.3,2.8,0.4,0.1,0.392,0.409,0.35,0.721,3.3,0.041
12,Darren Collison,2009,21,72.25,73.5,75,96.5,33.5,130,30.5,127,166,5.7,NA,NA,9,10.45,3.1,93,2009,NBA,1,21,NOH,21.312,G,us,UCLA,2010,2019,708,29.4,12.5,2.7,5,1.2,0.1,0.471,0.495,0.394,0.853,49.9,0.115
13,Omri Casspi,2009,23,79.75,81.25,81.25,106.5,32.5,139,25.5,132,211,8.6,NA,NA,2,11.15,3.28,213,2009,NBA,1,23,SAC,21.008,F,il,NA,2010,2019,588,20.3,7.9,4,1.1,0.6,0.2,0.454,0.502,0.368,0.678,19.6,0.078
14,Byron Mullens,2009,24,83.75,85.25,85.5,111,32.5,143.5,28.5,139.5,258,8.5,NA,NA,10,11.1,3.45,390,2009,NBA,1,24,DAL,20.136,C,us,Ohio State,2010,2014,189,18.2,7.4,4.2,0.8,0.4,0.5,0.408,0.438,0.319,0.706,0.6,0.008
15,Damion James,2009,24,78.25,79.5,84.75,106,37,143,30,136,224,8.2,9.25,8.5,14,11.23,3.09,466,2010,NBA,1,24,ATL,22.266,G-F,us,Texas,2011,2014,39,16,3.8,3.4,0.7,0.6,0.5,0.415,0.433,0,0.667,0,-0.001
16,Rodrigue Beaubois,2009,25,73.25,74.25,81.75,100,39,139,29.5,129.5,182,7.9,NA,NA,3,10.49,3.15,206,2009,NBA,1,25,OKC,21.127,G,gp,NA,2010,2013,182,15.9,7.1,1.9,2.1,0.7,0.3,0.439,0.5,0.325,0.81,4.8,0.079
17,Taj Gibson,2009,26,80.5,81.75,88,109,30,139,25.5,134.5,214,6.6,NA,NA,12,11.56,3.41,75,2009,NBA,1,26,CHI,24.007,F,us,USC,2010,2020,742,25.8,9.8,6.4,1,0.6,1.1,0.511,0.517,0.206,0.709,49.7,0.125
18,DeMarre Carroll,2009,27,78.25,79.75,82,105,NA,NA,NA,NA,207,6.3,NA,NA,NA,NA,NA,122,2009,NBA,1,27,MEM,22.339,F,us,Missouri,2010,2020,556,24.1,9.1,4.3,1.3,0.9,0.3,0.43,0.485,0.36,0.743,29.3,0.105
20,Wayne Ellington,2009,28,76.25,77.25,78.5,100,38,138,31.5,131.5,202,5.5,NA,NA,13,11.14,3.2,265,2009,NBA,1,28,MIN,21.214,G,us,UNC,2010,2020,651,21.3,8.2,2.2,1.1,0.6,0.1,0.41,0.447,0.378,0.845,17.7,0.061
21,Toney Douglas,2009,29,73,74,78,97.5,32.5,130,28,125.5,183,5.2,NA,NA,15,10.63,3.03,219,2009,NBA,1,29,LAL,23.107,G,us,Florida State,2010,2017,394,19.1,7.6,2.2,2.3,0.9,0.1,0.404,0.448,0.354,0.824,12.1,0.077
22,James Harden,2009,3,76,77.25,82.75,103.5,37,140.5,31.5,135,222,10.1,NA,NA,17,11.1,3.13,2,2009,NBA,1,3,OKC,19.308,G,us,Arizona State,2010,2020,771,34.1,24.4,5.2,6.2,1.5,0.5,0.442,0.507,0.363,0.859,122.5,0.223
24,Jermaine Taylor,2009,32,75.5,76.75,80.75,101,37.5,138.5,34,135,207,5.8,NA,NA,16,11.54,3.32,382,2009,NBA,2,32,WAS,22.205,G,us,Central Florida,2010,2011,65,12.1,5.4,1.7,0.7,0.4,0.1,0.441,0.484,0.284,0.73,0.2,0.014
25,Dante Cunningham,2009,33,79,80.25,83,106.5,35,141.5,28,134.5,227,4.8,NA,NA,18,11.18,3.26,204,2009,NBA,2,33,POR,22.07,F,us,Villanova,2010,2019,715,20.8,5.8,3.7,0.7,0.6,0.5,0.469,0.494,0.345,0.649,24.9,0.08
26,DaJuan Summers,2009,35,79.25,80.5,84.75,106.5,34.5,141,29.5,136,243,6.6,NA,NA,15,10.94,3.17,457,2009,NBA,2,35,DET,21.158,F,us,Georgetown,2010,2013,83,9.9,3.3,1,0.3,0.2,0.1,0.384,0.392,0.367,0.642,-0.1,-0.008
27,Sam Young,2009,36,77.25,78.75,82.75,105.5,33,138.5,27.5,133,223,4.9,NA,NA,NA,11.47,3.45,259,2009,NBA,2,36,MEM,24.03,F,us,Pitt,2010,2013,249,15.9,5.8,2.3,0.7,0.5,0.2,0.442,0.468,0.28,0.742,5.2,0.063
28,DeJuan Blair,2009,37,77.25,78.5,86,106.5,33,139.5,26,132.5,277,12,NA,NA,18,11.5,3.45,65,2009,NBA,2,37,SAS,20.069,F-C,us,Pitt,2010,2016,424,16.6,6.8,5.1,0.8,0.7,0.3,0.524,0.526,0,0.608,19,0.129
29,Tyreke Evans,2009,4,76,77.25,83.25,104,34,138,28.5,132.5,221,7.1,NA,NA,7,11.81,3.17,225,2009,NBA,1,4,SAC,19.284,G-F,us,Memphis,2010,2019,594,30.7,15.7,4.6,4.8,1.2,0.4,0.44,0.468,0.323,0.757,28.4,0.075
30,Derrick Brown,2009,40,79.5,80.5,86.5,107.5,35.5,143,30.5,138,225,8.6,NA,NA,20,11.26,3.13,181,2009,NBA,2,40,CHA,21.296,F,us,Xavier,2010,2012,171,14.9,5.2,2.4,0.7,0.5,0.2,0.515,0.528,0.317,0.637,4.5,0.085
31,Jodie Meeks,2009,41,75,76,76.5,98,37,135,28.5,126.5,211,8,NA,NA,14,10.96,3.1,144,2009,NBA,2,41,MIL,21.314,G,us,Kentucky,2010,2019,539,22.5,9.3,2.1,1.1,0.8,0.1,0.42,0.471,0.373,0.879,24.3,0.096
32,Marcus Thornton,2009,43,74.75,75.75,77,99,33,132,31,130,194,4.8,NA,NA,14,10.73,3.28,182,2009,NBA,2,43,MIA,22.026,G,us,LSU,2010,2017,483,23.4,11.9,2.8,1.4,0.8,0.1,0.425,0.471,0.358,0.83,20,0.085
32,Marcus Thornton,2009,43,74.75,75.75,77,99,33,132,31,130,194,4.8,NA,NA,14,10.73,3.28,517,2015,NBA,2,45,BOS,22.141,G,us,College of William & Mary,NA,NA,NA,NA,NA,NA,NA,NA,NA,NA,NA,NA,NA,NA,NA
33,Chase Budinger,2009,44,78.25,79,79,101,38.5,139.5,29.5,130.5,206,10,NA,NA,10,11.08,3.24,194,2009,NBA,2,44,DET,21.039,F,us,Arizona,2010,2016,407,19.7,7.9,3,1.2,0.5,0.2,0.43,0.486,0.352,0.797,13.9,0.083
34,Danny Green,2009,46,77.25,78.5,82,103,33,136,29,132,208,5.6,NA,NA,15,11.3,3.3,82,2009,NBA,2,46,CLE,22.009,G-F,us,UNC,2010,2020,626,25.5,9,3.5,1.6,1,0.8,0.425,0.457,0.405,0.815,39.8,0.12
35,Gani Lawal,2009,46,79.75,81,84,106,34.5,140.5,30,136,229,7.2,8.5,10,17,11.93,3.34,455,2010,NBA,2,46,PHO,21.234,F,us,Georgia Tech,2011,2011,1,2,0,0,0,0,0,NA,NA,NA,NA,0,-0.009
36,Jack McClinton,2009,51,71.75,72.75,74.5,96,36.5,132.5,30,126,185,6.2,NA,NA,13,10.44,3.21,473,2009,NBA,2,51,SAS,NA,NA,NA,Miami (FL),NA,NA,NA,NA,NA,NA,NA,NA,NA,NA,NA,NA,NA,NA,NA
37,A.J. Price,2009,52,72.5,74,75.75,97,31,128,26,123,193,12.4,NA,NA,11,10.99,3.22,272,2009,NBA,2,52,IND,22.267,G,us,UConn,2010,2015,261,15.1,5.8,1.4,2.2,0.5,0,0.38,0.439,0.316,0.742,4.7,0.058
38,Luke Harangody,2009,52,78.25,80,81.75,106,31,137,27,133,240,11.2,8.75,9.75,23,11.15,3.33,301,2010,NBA,2,52,BOS,22.179,F,us,Notre Dame,2011,2012,70,12.4,3.6,2.8,0.5,0.3,0.3,0.376,0.44,0.241,0.737,0.9,0.048
40,Jonny Flynn,2009,6,71.25,72.75,76,95.5,40,135.5,33,128.5,196,6.3,NA,NA,10,10.86,3.23,451,2009,NBA,1,6,MIN,20.144,G,us,Syracuse,2010,2012,163,22.9,9.2,1.9,3.9,0.7,0,0.4,0.42,0.338,0.809,-1.1,-0.015
41,Stephen Curry,2009,7,74,75.25,75.5,97,35.5,132.5,29.5,126.5,181,5.7,NA,NA,10,11.07,3.28,7,2009,NBA,1,7,GSW,21.108,G,us,Davidson,2010,2020,698,34.3,23.5,4.5,6.6,1.7,0.2,0.476,0.515,0.435,0.905,103.1,0.206
42,Jordan Hill,2009,8,81.25,82.25,85.5,108,35,143,31,139,232,6,NA,NA,11,12.23,3.3,130,2009,NBA,1,8,NYK,21.339,C-F,us,Arizona,2010,2017,409,18.8,7.9,5.8,0.8,0.4,0.7,0.497,0.499,0.136,0.699,16.4,0.102
50,John Wall,2010,1,74.75,76,81.25,101.5,39,140.5,30,131.5,196,5.6,8.25,9.5,NA,10.84,3.14,125,2010,NBA,1,1,WAS,19.296,G,us,Kentucky,2011,2019,573,35.9,19,4.3,9.2,1.7,0.7,0.433,0.457,0.324,0.781,44.3,0.104
51,Paul George,2010,10,79.75,80.75,83.25,107,NA,NA,NA,NA,214,5,8.5,9,4,NA,NA,35,2010,NBA,1,10,IND,20.058,F,us,Fresno State,2011,2019,604,33.8,19.8,6.4,3.3,1.8,0.4,0.433,0.47,0.378,0.844,65.2,0.153
52,Cole Aldrich,2010,11,81,83.25,88.75,111.5,28,139.5,23,134.5,236,8.5,9,9.25,10,11.48,3.35,55,2010,NBA,1,11,NOH,21.241,C,us,Kansas,2011,2018,339,10,3.1,3.3,0.5,0.4,0.7,0.527,0.527,NA,0.738,9.6,0.135
53,Xavier Henry,2010,12,77.25,78.5,83.25,105,36.5,141.5,28.5,133.5,210,4.7,8.75,10,8,11.1,3.18,384,2010,NBA,1,12,MEM,19.106,G,be,Kansas,2011,2015,185,15.7,5.7,1.9,0.6,0.5,0.1,0.406,0.419,0.325,0.635,0.8,0.013
54,Ed Davis,2010,13,81,81.75,84,108,36,144,31,139,227,10,9.25,10,NA,11.7,3.21,36,2010,NBA,1,13,TOR,21.024,F,us,UNC,2011,2020,646,20.2,6.5,6.8,0.8,0.5,0.8,0.569,0.57,0,0.583,41.4,0.153
55,Patrick Patterson,2010,14,80,81.25,85.25,107,33.5,140.5,28.5,135.5,240,5.3,9.25,10.25,17,11.14,3.25,134,2010,NBA,1,14,HOU,21.107,F,us,Kentucky,2011,2020,629,21.8,6.9,4.1,1.1,0.6,0.5,0.449,0.499,0.367,0.748,28.9,0.101
56,Larry Sanders,2010,15,81.25,82.5,89.75,112,28,140,25.5,137.5,222,4.6,9.75,11,7,12.49,3.27,117,2010,NBA,1,15,MIL,21.22,C-F,us,Virginia Commonwealth,2011,2017,238,19.5,6.4,5.7,0.7,0.6,1.8,0.48,0.481,0,0.553,10.3,0.107
57,Luke Babbitt,2010,16,79.5,80.75,83.25,104.5,37.5,142,29.5,134,218,5.6,8.5,10,15,10.98,3.4,251,2010,NBA,1,16,MIN,21.009,F,us,Nevada,2011,2018,381,14,4.8,2.2,0.6,0.2,0.2,0.408,0.417,0.402,0.747,7.2,0.065
58,Eric Bledsoe,2010,18,72.25,73.5,79.5,98,NA,NA,NA,NA,192,5.6,8.5,9.75,9,NA,NA,108,2010,NBA,1,18,OKC,20.202,G,us,Kentucky,2011,2020,576,27.9,14.1,3.9,4.8,1.5,0.5,0.454,0.503,0.334,0.793,37.3,0.111
59,Avery Bradley,2010,19,74,75.25,79.25,98.5,37.5,136,31.5,130,180,4,8.25,9.5,2,11.47,3.14,300,2010,NBA,1,19,BOS,19.215,G,us,Texas,2011,2020,528,28.6,12,3,1.8,1,0.2,0.436,0.471,0.364,0.777,15,0.048
60,Evan Turner,2010,2,77.75,79,80,103.5,34.5,138,27.5,131,214,8.6,8.75,9.5,9,11.06,3.27,288,2010,NBA,1,2,PHI,21.245,G,us,Ohio State,2011,2020,689,27.2,9.8,4.7,3.5,0.8,0.3,0.435,0.459,0.296,0.781,20.7,0.053
61,James Anderson,2010,20,76.75,77.75,80.5,104,35.5,139.5,30,134,208,7.9,9,7,14,11.86,3.19,332,2010,NBA,1,20,SAS,21.096,G-F,us,Oklahoma State,2011,2016,247,17.5,5.8,2.3,1.2,0.5,0.2,0.411,0.495,0.321,0.755,3.3,0.037
62,Craig Brackins,2010,21,80.5,81.75,84,109,35,144,26,135,229,7.9,9.5,11.25,6,11.65,3.39,419,2010,NBA,1,21,OKC,22.264,F,us,Iowa State,2011,2012,17,7.1,1.8,1.1,0.5,0.1,0.1,0.265,0.286,0.214,0.5,-0.2,-0.089
63,Trevor Booker,2010,23,78.25,79.5,81.75,106,36,142,31,137,236,7.3,9,9.5,22,11.15,3.1,91,2010,NBA,1,23,MIN,22.217,F,us,Clemson,2011,2018,532,20.4,6.9,5.5,1.1,0.7,0.5,0.515,0.534,0.305,0.636,26.2,0.116
64,Dominique Jones,2010,25,75.25,77,81.25,101,32.5,133.5,26,127,216,5.9,9,10.25,19,10.88,3.31,374,2010,NBA,1,25,MEM,21.257,G,us,University of South Florida,2011,2013,80,9.3,3.1,1.4,1.8,0.4,0.1,0.366,0.393,0.095,0.729,0.3,0.017
65,Jordan Crawford,2010,27,75,76.5,79,101,34.5,135.5,31.5,132.5,198,4.9,8,9,7,11.03,3.37,311,2010,NBA,1,27,NJN,21.249,G,us,Xavier,2011,2018,281,24.4,12.2,2.5,3.1,0.7,0.1,0.411,0.458,0.317,0.826,6.3,0.044
66,Daniel Orton,2010,29,80.75,81.5,88.25,110.5,30.5,141,24,134.5,269,13.8,8.5,9.75,13,12.32,3.39,149,2010,NBA,1,29,ORL,19.327,C-F,us,Kentucky,2012,2014,51,10.6,2.8,2.5,0.5,0.4,0.5,0.485,0.49,0,0.597,1,0.093
67,Derrick Favors,2010,3,80.75,82.25,88,110,35.5,145.5,31.5,141.5,245,6.5,8.75,9.25,14,11.74,3.25,46,2010,NBA,1,3,NJN,18.349,F-C,us,Georgia Tech,2011,2020,635,25.7,11.6,7.2,1.1,0.8,1.3,0.525,0.535,0.208,0.664,49.5,0.146
68,Lazar Hayward,2010,30,76.5,77.75,84.75,102,36,138,31,133,226,7.5,9.25,9.5,15,10.87,3.31,370,2010,NBA,1,30,WAS,23.216,F,us,Marquette,2011,2013,72,8.2,2.9,1.3,0.5,0.2,0.1,0.347,0.395,0.269,0.767,0.2,0.02
69,Dexter Pittman,2010,32,81.5,83.5,90,111,NA,NA,NA,NA,303,20.8,10.25,10.5,NA,NA,NA,244,2010,NBA,2,32,MIA,22.119,C,us,Texas,2011,2014,50,6.9,2.3,1.8,0.2,0.2,0.2,0.45,0.45,NA,0.545,0.5,0.068
70,Hassan Whiteside,2010,33,82.5,83.5,91,113,31.5,144.5,27,140,227,5.5,8.25,10.25,12,11.83,3.54,10,2010,NBA,2,33,SAC,21.016,C,us,Marshall,2011,2020,348,26,13.4,11.4,0.6,0.6,2.3,0.575,0.577,0.222,0.596,37.3,0.198
71,Armon Johnson,2010,34,74,75.25,80,99.5,38.5,138,31.5,131,195,5.6,8.25,9.25,18,11.25,3.19,452,2010,NBA,2,34,POR,21.126,G,us,Nevada,2011,2012,47,8.5,3.3,1,1.2,0.2,0,0.458,0.465,0.4,0.679,-0.1,-0.015
72,Terrico White,2010,36,75.75,77,81,101,40,141,31,132,203,3.7,9,10.5,10,11.38,3.15,479,2010,NBA,2,36,DET,NA,NA,NA,University of Mississippi,NA,NA,NA,NA,NA,NA,NA,NA,NA,NA,NA,NA,NA,NA,NA
73,Darington Hobson,2010,37,77.25,78.5,81.25,104.5,34,138.5,29,133.5,204,6.2,8.25,9,NA,11.68,3.25,408,2010,NBA,2,37,MIL,22.274,G,us,New Mexico,2012,2012,5,7.8,0.8,0.6,1.2,0,0,0.154,0.286,0,NA,-0.2,-0.225
74,Andy Rautins,2010,38,76.25,77,79,100,30.5,130.5,23.5,123.5,192,6.2,8,9.75,8,11.27,3.49,405,2010,NBA,2,38,NYK,23.24,G,us,Syracuse,2011,2011,5,4.8,1.6,0.2,0.6,0.2,0,0.429,0.667,0.25,0.5,-0.2,-0.314
75,Wesley Johnson,2010,4,78.25,79.25,85,106,37,143,32,138,206,4.6,9,9.5,16,11.43,3.14,330,2010,NBA,1,4,MIN,22.354,F-G,us,Syracuse,2011,2019,609,22.1,7,3.2,1.1,0.8,0.7,0.404,0.46,0.337,0.741,10.7,0.038
76,Lance Stephenson,2010,40,76.5,77.75,82.5,103,33,136,27,130,227,9.3,9,10.25,10,11.39,3.38,245,2010,NBA,2,40,IND,19.297,G-F,us,Cincinnati,2011,2019,508,23.4,8.6,4.2,2.9,0.7,0.1,0.444,0.494,0.315,0.685,16.7,0.068
77,Jarvis Varnado,2010,41,80.25,82,87.5,109.5,32.5,142,29.5,139,210,9.5,9.25,9.5,3,11.61,3.37,164,2010,NBA,2,41,MIA,22.12,F,us,Mississippi State,2013,2014,37,10.7,2.9,1.9,0.4,0.3,0.8,0.582,0.582,NA,0.518,0.7,0.089
78,Devin Ebanks,2010,43,79,80.25,84.25,107.5,32,139.5,23.5,131,208,7.9,8.25,9,6,11.69,3.44,336,2010,NBA,2,43,LAL,20.244,F,us,West Virginia,2011,2013,63,11.3,3.6,1.9,0.4,0.3,0.2,0.385,0.418,0.222,0.722,0.5,0.035
79,Jerome Jordan,2010,44,83.5,84.75,89.25,113,NA,NA,NA,NA,244,6.9,9,10.25,NA,NA,NA,23,2010,NBA,2,44,MIL,23.274,C,jm,Tulsa,2012,2015,65,7.6,2.8,2,0.3,0.1,0.3,0.528,0.528,NA,0.852,1.7,0.168
80,Tiny Gallon,2010,47,80.5,81.5,88.5,109.5,28.5,138,23.5,133,302,15.1,9.25,10.5,14,13.44,3.7,482,2010,NBA,2,47,MIL,NA,NA,NA,Oklahoma,NA,NA,NA,NA,NA,NA,NA,NA,NA,NA,NA,NA,NA,NA,NA
81,Ryan Richards,2010,49,82.5,83.75,85.5,110,28.5,138.5,25,135,230,8,9,9.75,4,11.33,3.37,484,2010,NBA,2,49,SAS,19.066,F-C,gb,NA,NA,NA,NA,NA,NA,NA,NA,NA,NA,NA,NA,NA,NA,NA,NA
82,DeMarcus Cousins,2010,5,81.5,82.75,89.75,113,27.5,140.5,23.5,136.5,292,16.4,9.25,10,NA,11.4,3.55,89,2010,NBA,1,5,SAC,19.32,C-F,us,Kentucky,2011,2019,565,32,21.2,10.9,3.2,1.4,1.2,0.461,0.477,0.332,0.737,44.1,0.117
83,Solomon Alabi,2010,50,83.5,84.75,89,113,26,139,22.5,135.5,237,5,9.25,9.25,10,13.2,3.68,389,2010,NBA,2,50,DAL,22.1,C,ng,Florida State,2011,2012,26,7,1.5,2.3,0.2,0.2,0.4,0.314,0.314,NA,0.7,0,0.01
84,Willie Warren,2010,54,74.5,75.75,78,99.5,31.5,131,23,122.5,208,7.6,8.5,9.5,10,11.21,3.5,252,2010,NBA,2,54,LAC,20.25,G,us,Oklahoma,2011,2011,19,7.1,1.9,0.6,1.4,0.3,0,0.371,0.4,0.333,0.75,0.2,0.065
85,Derrick Caracter,2010,58,80.25,81.5,84.25,107.25,30.5,137.75,25,132.25,280,12.8,9,10.25,22,12.78,3.61,275,2010,NBA,2,58,LAL,22.056,F,us,Texas-El Paso,2011,2011,41,5.2,2,1,0.2,0.1,0.2,0.485,0.485,NA,0.739,0.3,0.057
86,Stanley Robinson,2010,59,78.5,79.75,84,107.5,37.5,145,NA,NA,213,8.3,9,9,6,11.65,3.23,486,2010,NBA,2,59,ORL,NA,NA,NA,UConn,NA,NA,NA,NA,NA,NA,NA,NA,NA,NA,NA,NA,NA,NA,NA
87,Ekpe Udoh,2010,6,80.75,81.75,88.5,106.5,33.5,140,31,137.5,237,8,9.5,8.75,10,11.15,3.29,169,2010,NBA,1,6,GSW,23.041,C-F,us,Baylor,2011,2019,384,14.8,3.5,2.9,0.7,0.5,1.1,0.453,0.455,0,0.718,10.4,0.088
88,Greg Monroe,2010,7,81.75,83,86.25,108.5,29,137.5,25,133.5,247,11.2,8.75,9.5,15,12.1,3.35,54,2010,NBA,1,7,DET,20.025,C-F,us,Georgetown,2011,2019,632,27.7,13.2,8.3,2.1,1.1,0.6,0.514,0.515,0.059,0.704,49.7,0.136
89,Al-Farouq Aminu,2010,8,79.25,80.5,87.25,108.5,33.5,142,27,135.5,216,8.2,9.5,9.5,13,11.29,3.3,214,2010,NBA,1,8,LAC,19.281,F,us,Wake Forest,2011,2020,676,25.2,7.7,6.1,1.2,1,0.6,0.422,0.468,0.338,0.745,27.5,0.078
90,Gordon Hayward,2010,9,78.75,80,79.75,103,34.5,137.5,30.5,133.5,211,6.9,8.5,9.25,10,11.73,3.22,67,2010,NBA,1,9,UTA,20.098,F-G,us,Butler,2011,2020,594,30.6,15.1,4.2,3.4,1,0.4,0.446,0.483,0.366,0.821,48.4,0.128
98,Jimmer Fredette,2011,10,72.75,74.5,76.5,96.5,33,129.5,28,124.5,196,7.7,8,8.5,14,10.42,3.21,339,2011,NBA,1,10,MIL,22.123,G,us,BYU,2012,2019,241,13.3,6,1,1.4,0.4,0,0.409,0.434,0.372,0.879,2.2,0.033
99,Klay Thompson,2011,11,77.75,79.25,81,103.5,31.5,135,26.5,130,206,8,8.75,9.25,5,10.99,3.24,110,2011,NBA,1,11,GSW,21.14,G-F,us,Washington State,2012,2019,615,33.1,19.5,3.5,2.3,0.9,0.5,0.459,0.491,0.419,0.848,46.8,0.11
100,Alec Burks,2011,12,77,78,82,103.5,36,139.5,29,132.5,193,5.1,9,8.25,5,10.96,3.17,246,2011,NBA,1,12,UTA,19.343,G,us,Colorado,2012,2020,432,21.1,9.5,3,1.7,0.6,0.2,0.423,0.444,0.357,0.771,13,0.068
101,Markieff Morris,2011,13,79.75,81.25,82.75,106.5,31.5,138,27,133.5,241,10.2,8.5,8.25,11,NA,3.4,229,2011,NBA,1,13,PHO,21.299,F,us,Kansas,2012,2020,586,26,11.6,5.5,1.7,0.9,0.6,0.449,0.481,0.338,0.777,23.6,0.074
102,Marcus Morris,2011,14,79,80.75,82,105.5,33,138.5,29,134.5,230,8,8.25,8.5,11,NA,3.15,158,2011,NBA,1,14,HOU,21.299,F,us,Kansas,2012,2020,552,26.6,11.6,4.6,1.5,0.7,0.3,0.431,0.474,0.362,0.75,27.4,0.09
103,Kawhi Leonard,2011,15,78,79,87,106,32,138,25.5,131.5,227,5.4,9.75,11.25,3,11.45,3.15,3,2011,NBA,1,15,IND,19.364,F,us,San Diego State,2012,2020,473,30.8,17.8,6.3,2.4,1.8,0.7,0.494,0.537,0.383,0.848,66.9,0.22
105,Iman Shumpert,2011,17,76.25,77.5,81.5,99.5,42,141.5,36.5,136,222,6.5,9,9,18,11.1,3.18,281,2011,NBA,1,17,NYK,21.002,G,us,Georgia Tech,2012,2019,446,25.2,7.3,3.4,1.9,1.1,0.3,0.393,0.438,0.34,0.766,12.9,0.055
106,Chris Singleton,2011,18,79.75,81,85,103.5,37.5,141,30.5,134,230,7.4,9.25,10,15,11.33,3.09,321,2011,NBA,1,18,WAS,21.219,F,us,Florida State,2012,2014,148,17.6,4.1,3.2,0.6,0.8,0.4,0.376,0.4,0.319,0.633,2.3,0.042
107,Tobias Harris,2011,19,78.5,79.75,83,103.5,37.5,141,31.5,135,223,8.4,8.75,9,12,10.96,3.17,95,2011,NBA,1,19,CHA,18.347,F,us,Tennessee,2012,2020,551,30.4,15.5,6,1.9,0.7,0.5,0.471,0.513,0.364,0.822,40.1,0.115
108,Derrick Williams,2011,2,79.25,80.75,85.5,108,34.5,142.5,29,137,248,10.8,9,9.75,19,11.03,3.23,224,2011,NBA,1,2,MIN,20.034,F,us,Arizona,2012,2018,428,20.7,8.9,4,0.7,0.5,0.3,0.434,0.484,0.3,0.71,14.1,0.076
109,Nolan Smith,2011,21,73.5,75.5,77.5,99,34,133,28.5,127.5,188,5.6,8.5,9.25,9,11.05,3.17,426,2011,NBA,1,21,POR,22.338,G,us,Duke,2012,2013,84,9.9,3.3,1,1.2,0.3,0,0.371,0.407,0.26,0.714,-0.8,-0.047
110,Kenneth Faried,2011,22,78,79.5,84,108,35,143,30.5,138.5,225,6.3,8.5,10.25,16,11.35,3.26,30,2011,NBA,1,22,DEN,21.221,F,us,Morehead State University,2012,2019,478,24.5,11.4,8.1,1,0.7,0.8,0.546,0.55,0.222,0.654,38.8,0.159
112,Jordan Hamilton,2011,26,78.75,80.5,81.5,104,32,136,25,129,228,9.8,9,9.25,7,11.47,3.3,241,2011,NBA,1,26,DAL,20.265,G-F,us,Texas,2012,2016,151,13.9,5.9,2.8,0.8,0.5,0.2,0.408,0.451,0.357,0.67,3,0.069
114,Norris Cole,2011,28,72.25,73.75,74.25,95.5,38.5,134,29.5,125,174,4.7,8.5,9.5,11,10.07,3.22,371,2011,NBA,1,28,CHI,22.258,G,us,Cleveland State University,2012,2017,360,22.3,7,2,2.7,0.8,0.1,0.407,0.436,0.324,0.743,3,0.018
115,Cory Joseph,2011,29,74,75.25,77.5,99,35,134,27.5,126.5,186,9.7,8.5,10.5,5,10.75,3.27,155,2011,NBA,1,29,SAS,19.312,G,ca,Texas,2012,2020,535,21.4,6.9,2.6,2.8,0.8,0.2,0.443,0.477,0.326,0.764,21.8,0.091
116,Enes Kanter,2011,3,81.75,83.25,85.5,109.5,32.5,142,26,135.5,259,5.9,9.5,10.75,14,11.3,3.26,43,2011,NBA,1,3,UTA,19.038,C,ch,NA,2012,2020,584,22.2,11.9,7.6,0.8,0.4,0.4,0.541,0.548,0.292,0.778,39.7,0.147
117,Jimmy Butler,2011,30,78,79.75,79.5,101.5,39,140.5,32,133.5,222,5.4,9,9,14,11.92,3.15,13,2011,NBA,1,30,CHI,21.287,F-G,us,Marquette,2012,2020,526,32.9,16.7,4.9,3.5,1.6,0.5,0.453,0.486,0.34,0.834,66.6,0.184
118,Justin Harper,2011,32,80,80.75,83.75,106,33,139,28.5,134.5,228,4,9,9.25,19,11.92,3.3,417,2011,NBA,2,32,CLE,21.302,F,us,University of Richmond,2012,2017,22,6.8,2,0.8,0.2,0.1,0.1,0.34,0.417,0.276,0.333,-0.3,-0.093
119,Kyle Singler,2011,33,79.5,80.5,82.1,106,30,136,23,129,228,10,8.25,8.75,10,11.22,3.21,262,2011,NBA,2,33,DET,23.055,F,us,Duke,2013,2018,356,21.9,6.5,2.9,0.8,0.6,0.3,0.418,0.458,0.362,0.786,10,0.062
120,Shelvin Mack,2011,34,73,74.5,79.5,96.5,39,135.5,32,128.5,209,7.1,8.25,9.25,17,11.23,3.18,270,2011,NBA,2,34,WAS,21.067,G,us,Butler,2012,2019,456,18.4,6.6,2,3.1,0.7,0.1,0.423,0.47,0.33,0.731,10.3,0.059
121,Tyler Honeycutt,2011,35,78.75,80.25,81,105,37,142,30,135,187,5.3,8.5,9.5,NA,11.68,3.07,424,2011,NBA,2,35,SAC,20.348,F,us,UCLA,2012,2013,24,5,1.2,1,0.4,0.2,0.2,0.314,0.333,0.2,0.714,-0.1,-0.049
122,Jordan Williams,2011,36,79.75,81,84.25,106.5,30.5,137,25,131.5,247,12.1,9.25,10,10,12.74,3.45,136,2011,NBA,2,36,NJN,20.26,F,us,Maryland,2012,2012,43,14.8,4.6,3.6,0.3,0.5,0.3,0.507,0.507,NA,0.652,1.3,0.101
123,Trey Thompkins,2011,37,80.5,81.75,85,107.5,30.5,138,27.5,135,239,15.5,9.25,9.75,15,11.72,3.41,399,2011,NBA,2,37,LAC,21.039,F,us,Georgia,2012,2012,24,5,2.4,1,0.1,0.1,0.1,0.393,0.417,0.308,0.714,0,0.004
124,Chandler Parsons,2011,38,80.75,81.75,81.5,104.5,31.5,136,25.5,130,221,7,8.25,10,4,11.05,3.29,121,2011,NBA,2,38,HOU,22.246,F,us,Florida,2012,2019,435,30.3,12.8,4.5,2.8,0.9,0.3,0.462,0.522,0.373,0.713,29,0.106
125,Jeremy Tyler,2011,39,81,82.5,89,110.5,33.5,144,28,138.5,262,13.4,9.25,9,10,11.26,3.29,383,2011,NBA,2,39,CHA,20.007,C,us,NA,2012,2014,104,9.9,3.6,2.6,0.2,0.2,0.4,0.45,0.451,0,0.557,0.3,0.014
126,Tristan Thompson,2011,4,79.5,80.75,85.25,108.5,35,143.5,30,138.5,227,6.2,8.75,9.25,9,10.92,3.26,78,2011,NBA,1,4,CLE,20.107,F-C,ca,Texas,2012,2020,568,27.9,9.3,8.6,0.9,0.5,0.7,0.52,0.521,0.091,0.608,40.8,0.124
127,Jon Leuer,2011,40,82,83.5,84,105.5,36.5,142,29.5,135,223,5.4,8.75,9.75,17,10.82,3.36,118,2011,NBA,2,40,MIL,22.045,F,us,Wisconsin,2012,2019,377,15.8,6.4,3.8,0.8,0.4,0.3,0.484,0.52,0.328,0.767,13.2,0.107
128,Darius Morris,2011,41,75.25,77.25,79.5,102,32,134,24.5,126.5,190,5.3,8.75,10,12,11,3.2,454,2011,NBA,2,41,LAL,20.176,G,us,Michigan,2012,2015,132,11.1,3.3,1,1.4,0.3,0,0.384,0.416,0.322,0.63,-0.3,-0.01
129,Malcolm Lee,2011,43,76,77.5,81.75,101.5,35.5,137,30,131.5,198,5.9,8.5,9.5,17,11.2,3.09,326,2011,NBA,2,43,CHI,21.037,G,us,UCLA,2012,2015,36,14.8,3.9,1.8,1.4,0.6,0.3,0.382,0.412,0.294,0.703,0.4,0.04
130,Charles Jenkins,2011,44,73.5,75.25,79.5,96.5,34,130.5,29.5,126,216,4.3,8.5,9,16,11.68,3.18,375,2011,NBA,2,44,GSW,22.12,G,us,Hofstra,2012,2013,110,12.1,3.7,0.9,1.9,0.4,0.1,0.434,0.449,0.182,0.754,0.5,0.017
131,Andrew Goudelock,2011,46,73.25,74.75,76.25,96.5,37,133.5,32.5,129,198,9.9,8.25,9.25,4,10.33,3.1,400,2011,NBA,2,46,LAL,22.203,G,us,College of Charleston,2012,2016,49,9.7,4,0.7,0.5,0.2,0,0.393,0.429,0.345,0.875,0,0.003
132,Travis Leslie,2011,47,75,76.25,82.5,103,40.5,143.5,33,136,205,8.1,8.75,9.25,10,11,3.13,268,2011,NBA,2,47,LAC,21.091,G,us,Georgia,2012,2012,10,4.5,1.4,0.9,0.5,0.2,0.2,0.357,0.357,NA,0.444,0.1,0.06
133,Keith Benson,2011,48,82,83,87.75,109.5,36,145.5,31.5,141,217,6.1,9.5,11,12,11.88,3.35,462,2011,NBA,2,48,ATL,22.319,C,us,Oakland,2012,2012,3,3,0,1,0,0,0,0,0,NA,NA,0,-0.005
134,Josh Selby,2011,49,73.75,75,77.25,98,42,140,29.5,127.5,195,7.9,8.5,9,5,11.13,3.2,415,2011,NBA,2,49,MEM,20.093,G,us,Kansas,2012,2013,38,7.8,2.2,0.5,0.9,0.2,0,0.33,0.384,0.143,0.72,-0.7,-0.113
135,Jon Diebler,2011,51,77.25,78.5,78,99,35,134,28,127,197,8.5,8.25,8.25,2,10.94,3.37,488,2011,NBA,2,51,POR,23.006,G,us,Ohio State,NA,NA,NA,NA,NA,NA,NA,NA,NA,NA,NA,NA,NA,NA,NA
136,DeAndre Liggins,2011,53,77,78.25,83,103.5,31,134.5,27,130.5,202,5,8.75,10,6,NA,3.33,327,2011,NBA,2,53,ORL,23.089,G,us,Kentucky,2012,2018,177,10.8,2,1.4,0.7,0.6,0.2,0.402,0.432,0.352,0.549,1.6,0.04
137,E'Twaun Moore,2011,55,74.5,76,81.5,99.5,34.5,134,32,131.5,191,7.6,9,10,NA,11.12,3.31,273,2011,NBA,2,55,BOS,22.123,G-F,us,Purdue,2012,2020,516,21.6,8,2,1.8,0.7,0.2,0.458,0.491,0.392,0.744,13.5,0.058
138,Isaiah Thomas,2011,60,68.75,70.25,73.75,91.5,40,131.5,31.5,123,186,6.7,8.25,9,13,10.49,3.14,38,2011,NBA,2,60,SAC,22.141,G,us,Washington,2012,2020,488,29.3,18.6,2.5,5.1,0.9,0.1,0.437,0.487,0.36,0.874,45.5,0.152
139,Brandon Knight,2011,8,73.5,75.25,78.75,98.5,37.5,136,29,127.5,177,4.2,8.25,9.5,10,10.74,3.07,312,2011,NBA,1,8,DET,19.208,G,us,Kentucky,2012,2020,423,30,14.4,3.2,4,0.9,0.2,0.413,0.445,0.354,0.811,11.6,0.044
140,Kemba Walker,2011,9,71.5,73,75.5,91.5,39.5,131,32,123.5,184,5.9,8,9,7,10.87,3.16,99,2011,NBA,1,9,CHA,21.051,G,us,UConn,2012,2020,610,34.1,19.9,3.8,5.5,1.3,0.4,0.418,0.452,0.358,0.837,49.4,0.114
151,Anthony Davis,2012,1,81.25,82.5,89.5,108,NA,NA,NA,NA,222,7.9,9,8.5,NA,NA,NA,5,2012,NBA,1,1,NOH,19.114,F-C,us,Kentucky,2013,2020,472,34.6,23.8,10.5,2.1,1.4,2.4,0.516,0.533,0.311,0.797,73.2,0.215
152,Austin Rivers,2012,10,75.5,77,79.25,96.5,37.5,134,32.5,129,203,6.2,8.5,10,1,11.54,3.32,334,2012,NBA,1,10,NOH,19.336,G,us,Duke,2013,2020,490,24.5,9.2,2,2.4,0.7,0.2,0.417,0.46,0.347,0.637,9.1,0.036
153,Meyers Leonard,2012,11,83.75,85.25,87,108,32.5,140.5,30,138,250,5.7,9.25,11,19,11.34,3.41,114,2012,NBA,1,11,POR,20.127,C-F,us,Illinois,2013,2020,399,15.6,5.6,3.8,0.9,0.2,0.3,0.482,0.544,0.39,0.824,14.1,0.108
154,Jeremy Lamb,2012,12,76,77.25,83,102,38,140,31.5,133.5,179,4.5,8.75,9.25,5,10.98,3.25,102,2012,NBA,1,12,HOU,20.034,G-F,us,UConn,2013,2020,439,20.6,10.3,3.7,1.6,0.7,0.4,0.444,0.5,0.338,0.853,21.2,0.113
155,Kendall Marshall,2012,13,75.25,76.25,77.5,96,37,133,31,127,198,7.8,8.5,9,NA,12.03,3.23,380,2012,NBA,1,13,PHO,20.319,G,us,UNC,2013,2016,160,19.3,5,1.6,4.9,0.7,0.1,0.399,0.422,0.37,0.611,1,0.015
156,John Henson,2012,14,81,82.5,89,112,30,142,25.5,137.5,216,8.6,9.25,10,5,NA,NA,100,2012,NBA,1,14,MIL,21.188,C-F,us,UNC,2013,2020,406,20.1,7.8,5.4,1.1,0.5,1.5,0.539,0.544,0.267,0.569,19.3,0.114
158,Royce White,2012,16,79,80,84,104.5,NA,NA,NA,NA,261,10.6,9.5,11.5,NA,NA,NA,414,2012,NBA,1,16,HOU,21.085,F,us,Iowa State,2014,2014,3,3,0,0,0,0,0,0,0,NA,NA,0,-0.121
159,Tyler Zeller,2012,17,83.25,84.5,84,104.5,34,138.5,30,134.5,247,6.4,9,9.75,16,11.13,3.4,103,2012,NBA,1,17,DAL,22.168,F-C,us,UNC,2013,2019,412,17.6,7,4.4,0.9,0.3,0.6,0.509,0.512,0.286,0.764,17.1,0.113
160,Terrence Jones,2012,18,80.25,81.5,86.25,107,34.5,141.5,29.5,136.5,252,7.7,9,10,12,11.57,3.4,70,2012,NBA,1,18,HOU,20.176,F,us,Kentucky,2013,2019,234,23.8,10.4,5.7,1,0.6,1.2,0.501,0.539,0.297,0.621,14.7,0.127
161,Andrew Nicholson,2012,19,80.5,81.5,88,107,30.5,137.5,28.5,135.5,234,7.6,10,10.75,10,11.89,3.67,309,2012,NBA,1,19,ORL,22.208,F,ca,St. Bonaventure,2013,2017,285,14.3,6,3,0.4,0.3,0.3,0.467,0.498,0.321,0.773,3.8,0.045
162,Michael Kidd-Gilchrist,2012,2,77.75,79.5,84,104.5,35.5,140,32,136.5,233,7,9,10.25,6,11.77,3.18,146,2012,NBA,1,2,CHA,18.28,F,us,Kentucky,2013,2020,422,25.4,8.8,5.6,1.2,0.7,0.7,0.477,0.482,0.286,0.714,21.1,0.095
163,Jared Sullinger,2012,21,79.75,81,85.25,105.5,31,136.5,29.5,135,268,10.7,9.25,9.75,9,12.77,3.81,104,2012,NBA,1,21,BOS,20.121,F,us,Ohio State,2013,2017,269,24.3,10.8,7.5,1.8,0.7,0.6,0.436,0.476,0.272,0.723,15.3,0.113
164,Fab Melo,2012,22,82.75,84,86.5,110,31,141,29.5,139.5,255,9.2,9,10,9,12.14,3.44,364,2012,NBA,1,22,BOS,22.014,C,br,Syracuse,2013,2013,6,6,1.2,0.5,0,0.3,0.3,0.5,0.5,NA,0.25,0,0.021
165,John Jenkins,2012,23,75.25,76.25,80.5,98,36.5,134.5,30.5,128.5,212,7.1,9,9,10,11.36,3.37,253,2012,NBA,1,23,ATL,21.12,G,us,Vanderbilt,2013,2019,171,12.8,5,1.5,0.8,0.2,0.1,0.441,0.503,0.367,0.847,3,0.065
166,Jared Cunningham,2012,24,75.5,77,78.5,98,NA,NA,NA,NA,188,3.6,8.25,9,4,NA,NA,376,2012,NBA,1,24,CLE,21.043,G,us,Oregon State,2013,2016,84,7.2,2.3,0.7,0.5,0.3,0,0.347,0.369,0.306,0.674,0.2,0.017
167,Tony Wroten,2012,25,76.75,78,81,101,35.5,136.5,30,131,203,5.2,8,9,NA,10.75,3.24,443,2012,NBA,1,25,MEM,19.081,G,us,Washington,2013,2016,145,21.2,11.1,2.5,3,0.9,0.2,0.413,0.477,0.231,0.647,-1.3,-0.021
168,Miles Plumlee,2012,26,82.5,83.75,84.75,105.5,40.5,146,34,139.5,252,11.4,9.25,9,15,10.64,3.36,159,2012,NBA,1,26,IND,23.306,C-F,us,Duke,2013,2019,346,16.4,4.9,4.5,0.5,0.4,0.7,0.542,0.542,NA,0.543,10.6,0.09
169,Arnett Moultrie,2012,27,81.5,82.75,86.25,106.5,37.5,144,33.5,140,233,7.7,9.25,9.25,10,11.32,3.22,105,2012,NBA,1,27,MIA,21.228,F,us,Mississippi State,2013,2014,59,12.4,3.6,3.1,0.2,0.4,0.2,0.547,0.547,NA,0.667,1.7,0.113
170,Perry Jones,2012,28,82.25,83.25,85.75,107,38.5,145.5,33,140,234,4.6,9.25,9.5,11,11.31,3.19,302,2012,NBA,1,28,OKC,20.283,F,us,Baylor,2013,2015,143,11.7,3.4,1.8,0.4,0.3,0.2,0.42,0.466,0.293,0.66,1.7,0.048
171,Marquis Teague,2012,29,73,74,79.25,96.5,40.5,137,32.5,129,180,6.3,8.25,7.75,8,10.65,3.19,427,2012,NBA,1,29,CHI,19.125,G,us,Kentucky,2013,2018,91,10,2.4,1,1.5,0.3,0.1,0.343,0.369,0.222,0.661,-0.9,-0.045
172,Bradley Beal,2012,3,75.25,76.75,80,100,39,139,33,133,202,6,8.5,9,8,10.95,3.28,126,2012,NBA,1,3,WAS,19.005,G,us,Florida,2013,2020,493,34.4,19.9,4,3.8,1.1,0.4,0.451,0.488,0.384,0.798,36.7,0.104
173,Festus Ezeli,2012,30,81.75,83.5,89.75,108,33.5,141.5,34,142,264,5.5,9,10.75,18,12.35,3.29,83,2012,NBA,1,30,GSW,22.256,C,ng,Vanderbilt,2013,2016,170,14.1,4.2,4.3,0.4,0.3,1,0.513,0.513,NA,0.557,5.9,0.119
176,Bernard James,2012,33,80.75,82,87,108.5,32.5,141,30,138.5,230,5,9,9.25,6,11.84,3.4,90,2012,NBA,2,33,CLE,27.148,C,us,Florida State,2013,2015,92,8.3,2.2,2.3,0.1,0.2,0.7,0.497,0.507,0,0.68,1.9,0.117
177,Jae Crowder,2012,34,76.75,78.5,81.25,99.5,34.5,134,31,130.5,241,9,9.5,10.5,20,11.45,3.37,128,2012,NBA,2,34,CLE,21.363,F,us,Marquette,2013,2020,548,24.3,9.4,3.9,1.4,1,0.3,0.422,0.513,0.337,0.778,28.6,0.103
178,Draymond Green,2012,35,77.75,79.5,85.25,105,33,138,28,133,236,11.3,9,9.5,9,11.01,3.4,52,2012,NBA,2,35,GSW,22.122,F,us,Michigan State,2013,2020,538,28.1,9.1,6.9,4.9,1.4,1.1,0.439,0.509,0.323,0.706,43.5,0.138
179,Orlando Johnson,2012,36,75.75,77.25,83.25,99,39.5,138.5,32,131,224,7,9,9.5,13,10.98,3.25,271,2012,NBA,2,36,SAC,23.115,G,us,University of California Santa Barbara,2013,2016,103,10.8,3.2,1.7,0.7,0.2,0.1,0.358,0.398,0.311,0.727,1.4,0.059
180,Quincy Acy,2012,37,78.5,79.75,86.75,106.5,37,143.5,32,138.5,224,7.1,9.5,11,13,10.48,3.28,216,2012,NBA,2,37,TOR,21.271,F-C,us,Baylor,2013,2019,337,16,4.9,3.5,0.6,0.4,0.4,0.444,0.506,0.35,0.759,8.7,0.078
181,Quincy Miller,2012,38,80.75,82,85.25,105,36,141,30.5,135.5,219,7.8,9.25,10.25,8,11.05,3.48,465,2012,NBA,2,38,DEN,19.227,F,us,Baylor,2013,2015,69,13.5,4.3,2.4,0.5,0.4,0.5,0.35,0.383,0.292,0.706,-0.1,-0.003
182,Khris Middleton,2012,39,78.75,80.25,82.75,103,31,134,28,131,216,7.8,9,9,4,11.45,3.47,129,2012,NBA,2,39,DET,20.326,F-G,us,Texas A&M,2013,2020,461,31.7,15.7,4.5,3.2,1.3,0.2,0.452,0.485,0.388,0.869,31.5,0.103
183,Dion Waiters,2012,4,74.5,76,79.25,98,NA,NA,NA,NA,221,8.5,8.5,9.5,NA,NA,NA,333,2012,NBA,1,4,CLE,20.206,G,us,Syracuse,2013,2019,409,28.4,13.2,2.7,2.8,0.9,0.3,0.412,0.443,0.347,0.692,8.7,0.036
184,Will Barton,2012,40,77,78,81.75,102.5,34,136.5,30,132.5,174,4.1,9,9.5,NA,12.5,3.6,217,2012,NBA,2,40,POR,21.179,G,us,Memphis,2013,2020,442,23.3,10.6,4,2.4,0.7,0.4,0.43,0.476,0.342,0.789,16.8,0.078
185,Tyshawn Taylor,2012,41,74.75,76,78.25,97.5,36.5,134,32,129.5,177,4.2,8.75,8.75,NA,11.48,3.2,420,2012,NBA,2,41,POR,22.083,G,us,Kansas,2013,2014,61,8,2.9,0.5,0.9,0.4,0,0.354,0.353,0.36,0.684,-0.9,-0.088
186,Doron Lamb,2012,42,75.25,76.75,78.75,98.5,33.5,132,29,127.5,199,6.7,8.5,8.75,2,11.12,3.41,397,2012,NBA,2,42,MIL,20.24,G,us,Kentucky,2013,2014,100,12.7,3.5,1,0.8,0.2,0,0.381,0.372,0.394,0.7,0.1,0.005
187,Mike Scott,2012,43,79.25,80.75,82.75,104,32.5,136.5,27,131,241,10.6,8.5,9,14,11.59,3.44,156,2012,NBA,2,43,ATL,23.353,F,us,Virginia,2013,2020,441,16.3,7.2,3.1,0.9,0.3,0.1,0.464,0.526,0.364,0.757,13.6,0.091
188,Kim English,2012,44,76.5,77.75,78.5,98,36.5,134.5,29,127,192,4.3,8.5,8.75,NA,10.59,3.33,365,2012,NBA,2,44,DET,23.283,G,us,Missouri,2013,2013,41,9.9,2.9,0.9,0.6,0.4,0.1,0.375,0.452,0.28,0.724,0.2,0.021
189,Darius Miller,2012,46,78,79.5,81,101,37,138,33,134,233,7.5,8.5,8.75,14,11.34,3.31,282,2012,NBA,2,46,NOH,22.105,F,us,Kentucky,2013,2019,253,20.4,6,1.7,1.4,0.4,0.2,0.418,0.495,0.382,0.83,5.9,0.055
190,Kevin Murphy,2012,47,77,78.25,78.75,99,36.5,135.5,31,130,194,5.8,8.5,8.5,11,10.97,3.42,406,2012,NBA,2,47,UTA,22.12,G,us,Tennessee Technological University,2013,2013,17,3.1,0.9,0.2,0.1,0.1,0,0.25,0.261,0.2,NA,-0.3,-0.272
191,Kyle O'Quinn,2012,49,80.5,82,88.75,106.5,31.5,138,31.5,138,241,8,9.5,10,NA,11.65,3.53,74,2012,NBA,2,49,ORL,22.1,F-C,us,Norfolk State,2013,2020,448,14.4,5.5,4.6,1.3,0.4,1,0.517,0.537,0.211,0.744,16.9,0.126
192,Thomas Robinson,2012,5,79.75,80.75,87.25,106,35.5,141.5,28.5,134.5,244,5,9.75,10.5,15,11.96,3.17,289,2012,NBA,1,5,SAC,21.109,F,us,Kansas,2013,2017,313,13.4,4.9,4.8,0.6,0.5,0.4,0.47,0.472,0,0.505,4.6,0.053
193,Kris Joseph,2012,51,78,79,83,104,35,139,28.5,132.5,215,8.6,9,9,6,NA,3.46,413,2012,NBA,2,51,BOS,23.199,F,ca,Syracuse,2013,2013,10,5.4,0.9,0.7,0.1,0.3,0,0.143,0.182,0,0.625,-0.1,-0.127
194,Darius Johnson-Odom,2012,55,73.5,75,79,96,41.5,137.5,33.5,129.5,212,7,8.75,8.75,17,10.76,3.21,403,2012,NBA,2,55,DAL,22.279,G,us,Marquette,2013,2014,7,3,0,0.9,0.3,0.1,0,0,0,0,0,-0.3,-0.597
195,Robbie Hummel,2012,58,79.25,80.5,80.5,102,30,132,27.5,129.5,218,9.4,8.5,9.5,13,11.56,3.41,249,2012,NBA,2,58,MIN,23.118,F,us,Purdue,2014,2015,98,14.3,3.9,2.7,0.5,0.3,0.1,0.418,0.469,0.343,0.867,1.9,0.066
196,Marcus Denmon,2012,59,74.25,75.25,77,94.5,40,134.5,33.5,128,188,6.6,8.25,9.75,8,10.82,3.19,497,2012,NBA,2,59,SAS,22.106,G,us,Missouri,NA,NA,NA,NA,NA,NA,NA,NA,NA,NA,NA,NA,NA,NA,NA
197,Damian Lillard,2012,6,73.75,74.75,79.75,95.5,39.5,135,34.5,130,189,5.9,8.75,9.75,13,11.15,3.34,20,2012,NBA,1,6,POR,21.354,G,us,Weber State,2013,2020,555,36.3,23.6,4.2,6.4,1,0.3,0.434,0.481,0.369,0.889,71.6,0.171
198,Harrison Barnes,2012,7,79,80,83.25,101.5,39.5,141,38,139.5,228,9.6,9,8.5,15,10.93,3.16,175,2012,NBA,1,7,GSW,20.034,F,us,UNC,2013,2020,547,30.8,13.6,4.9,1.5,0.7,0.2,0.447,0.476,0.373,0.795,30.2,0.086
199,Terrence Ross,2012,8,78,79,79.25,100.5,37.5,138,31,131.5,197,3.2,8.75,10.25,2,11.78,3.28,227,2012,NBA,1,8,TOR,21.149,F-G,us,Washington,2013,2020,498,24.2,10.5,2.8,1.1,0.8,0.3,0.421,0.476,0.371,0.821,18.9,0.075
200,Andre Drummond,2012,9,81.75,83.75,90.25,109.5,33.5,143,31.5,141,279,7.5,9.5,9.5,10,10.83,3.39,28,2012,NBA,1,9,DET,18.327,C,us,UConn,2013,2020,549,30.9,14.2,13.8,1.2,1.3,1.6,0.544,0.549,0.137,0.451,57.4,0.162
213,Michael Carter-Williams,2013,11,76.75,77.75,79.25,101,41,142,31.5,132.5,184,4.4,7.5,8.5,8,10.68,3.22,343,2013,NBA,1,11,PHI,21.266,G,us,Syracuse,2014,2020,319,26.1,10.8,4.5,4.6,1.3,0.6,0.4,0.433,0.253,0.702,5.2,0.03
214,Steven Adams,2013,12,82.75,84,88.5,109.5,33,142.5,28.5,138,255,6.7,9.5,11,16,11.85,3.4,44,2013,NBA,1,12,OKC,19.347,C,nz,Pitt,2014,2020,471,26.8,9.6,7.4,1,0.9,1,0.585,0.587,0,0.551,38.8,0.147
215,Kelly Olynyk,2013,13,82.75,84,81.75,108,29.5,137.5,24.5,132.5,234,6.7,8.5,10,5,11.42,3.59,71,2013,NBA,1,13,DAL,22.075,C-F,ca,Gonzaga,2014,2020,439,21.6,9.8,4.9,1.9,0.7,0.5,0.476,0.549,0.365,0.766,25.1,0.127
216,Shabazz Muhammad,2013,14,76.75,78.25,83,104.5,37,141.5,29.5,134,222,9,9,10,10,10.99,3.32,183,2013,NBA,1,14,UTA,20.231,F-G,us,UCLA,2014,2018,278,17.2,9,2.8,0.5,0.3,0.1,0.473,0.51,0.319,0.751,8.5,0.085
218,Shane Larkin,2013,18,70.25,71.5,70.75,89.5,44,133.5,34.5,124,171,3.8,7.5,8.75,12,10.64,3.08,313,2013,NBA,1,18,ATL,20.273,G,us,Miami (FL),2014,2018,256,19.1,5.5,1.9,2.9,0.9,0.1,0.422,0.454,0.336,0.777,4.4,0.044
219,Victor Oladipo,2013,2,75.25,76.25,81.25,100.5,42,142.5,33,133.5,213,6.6,8.75,9.25,15,10.69,3.25,171,2013,NBA,1,2,ORL,21.059,G,us,Indiana,2014,2019,402,33.2,17.5,4.6,4,1.7,0.5,0.443,0.482,0.352,0.793,24.2,0.087
220,Tony Snell,2013,20,78,79.25,83.5,105.5,36.5,142,30,135.5,198,4.9,9,9.5,7,10.36,3.25,247,2013,NBA,1,20,CHI,21.235,G-F,us,New Mexico,2014,2020,449,21.9,6.3,2.4,1,0.5,0.2,0.425,0.481,0.383,0.821,13.8,0.067
221,Gorgui Dieng,2013,21,81.75,82.75,87.5,111.5,NA,NA,NA,NA,230,5.4,9,10,NA,NA,NA,96,2013,NBA,1,21,UTA,23.166,C,sn,Louisville,2014,2020,454,22.6,8,6.2,1.4,0.8,1,0.506,0.519,0.335,0.789,24.6,0.115
222,Mason Plumlee,2013,22,83.25,84.5,83,108,36,144,30.5,138.5,238,6.2,9.75,9.5,14,10.89,3.29,47,2013,NBA,1,22,BRK,23.12,C-F,us,Duke,2014,2020,477,22,8.4,6.3,2.2,0.8,1,0.57,0.576,0.071,0.566,31.4,0.144
223,Solomon Hill,2013,23,77.5,79,81,103,37.5,140.5,29.5,132.5,226,7.6,9,10.5,14,10.77,3.19,256,2013,NBA,1,23,IND,22.107,F,us,Arizona,2014,2020,308,22.6,5.9,3.3,1.5,0.7,0.2,0.396,0.448,0.33,0.805,9.3,0.064
225,Reggie Bullock,2013,25,77.75,79,80.75,102,36.5,138.5,31,133,200,7,8.5,9,11,11.33,3.31,165,2013,NBA,1,25,LAC,22.109,G-F,us,UNC,2014,2019,272,19.3,6.8,2.1,1.1,0.5,0.1,0.434,0.495,0.392,0.828,9.7,0.089
226,Andre Roberson,2013,26,78.25,79,83,104.5,36.5,141,30,134.5,206,7.1,8.75,9.5,10,11.36,3.34,152,2013,NBA,1,26,MIN,21.211,G-F,us,Colorado,2014,2018,295,22.5,4.6,4,0.9,0.9,0.7,0.482,0.609,0.257,0.467,12.7,0.092
227,Rudy Gobert,2013,27,84.5,86,92.5,115,29,144,25,140,238,4.4,9.75,10,7,12.85,3.57,4,2013,NBA,1,27,DEN,21.006,C,fr,NA,2014,2020,413,28.8,11.1,10.6,1.3,0.7,2.2,0.628,0.629,0,0.631,53.6,0.216
228,Archie Goodwin,2013,29,75.75,77.25,81.5,102,36,138,30,132,189,4.6,8.5,9,1,10.75,3.27,360,2013,NBA,1,29,OKC,18.319,G,us,Kentucky,2014,2017,165,14.5,6.3,2,1.2,0.4,0.2,0.429,0.484,0.236,0.7,1.1,0.022
229,Otto Porter,2013,3,79.5,80.5,85.5,105.5,36,141.5,27,132.5,198,6.7,8.75,9.25,9,11.25,3.4,68,2013,NBA,1,3,WAS,20.029,F,us,Georgetown,2014,2020,406,26.9,11,5,1.5,1.2,0.4,0.481,0.527,0.403,0.791,29.2,0.128
230,Allen Crabbe,2013,31,77.25,78.25,83.25,103.5,36,139.5,30.5,134,197,4.7,8.25,8.5,10,10.67,3.32,218,2013,NBA,2,31,CLE,21.084,G-F,us,Cal,2014,2019,344,24.6,9.5,2.9,1.2,0.6,0.3,0.429,0.472,0.393,0.835,13.8,0.078
231,Carrick Felix,2013,33,76.75,78.25,81.25,103.5,38.5,142,32,135.5,203,3.3,8.5,9.5,15,11.16,3.25,276,2013,NBA,2,33,CLE,22.32,G,us,Arizona State,2014,2014,7,5.4,2.7,0.9,0.6,0,0,0.5,0.556,0.4,0.75,0,0.057
232,Isaiah Canaan,2013,34,71,72,76.5,94.5,40.5,135,33,127.5,188,5.9,8.25,9.5,16,10.98,3.22,319,2013,NBA,2,34,HOU,22.043,G,us,Murray State,2014,2019,235,20.4,8.1,1.9,1.9,0.6,0.1,0.371,0.404,0.351,0.836,4.3,0.043
233,Glen Rice,2013,35,76.5,77.75,81.25,101.5,40.5,142,33,134.5,211,8.5,8.5,9,10,10.99,3.25,422,2013,NBA,2,35,PHI,22.183,G,us,Georgia Tech,2014,2015,16,9.5,2.7,1.5,0.6,0.4,0.1,0.269,0.286,0.25,0.692,-0.2,-0.065
234,Ray McCallum,2013,36,72.25,73.75,75.25,96.5,40,136.5,30.5,127,191,7.3,8,8.75,5,10.82,3.25,337,2013,NBA,2,36,SAC,22.021,G,us,Detroit Mercy,2014,2016,154,18.2,6,2,2.4,0.5,0.2,0.408,0.43,0.335,0.711,2.1,0.035
235,Tony Mitchell,2013,37,79.5,80.75,86.5,106.5,38,144.5,33.5,140,236,5.6,9,10,13,11.82,3.52,39,2013,NBA,2,37,DET,21.086,F,us,University of North Texas,2014,2014,21,3.8,1,1.2,0.1,0.3,0.1,0.417,0.364,1,0.579,0.2,0.151
236,Nate Wolters,2013,38,75.5,76.75,75.75,98,NA,NA,NA,NA,196,5.5,8.25,8.75,8,NA,NA,351,2013,NBA,2,38,WAS,22.049,G,us,South Dakota State University,2014,2018,84,18.8,5.5,2.2,2.5,0.5,0.2,0.423,0.452,0.261,0.635,0.9,0.028
237,Jeff Withey,2013,39,82.75,84.5,86,110.5,29,139.5,26.5,137,222,8.7,9,9.75,10,12.49,3.47,32,2013,NBA,2,39,POR,23.118,C,us,Kansas,2014,2018,206,10.1,3.2,2.5,0.3,0.3,0.8,0.525,0.537,0.143,0.716,6.8,0.157
238,Cody Zeller,2013,4,82.75,84.25,82.75,106,37.5,143.5,35.5,141.5,230,4.8,8.5,10.5,17,10.82,3.15,51,2013,NBA,1,4,CHA,20.27,C-F,us,Indiana,2014,2020,366,23,8.3,5.9,1.4,0.7,0.8,0.512,0.517,0.28,0.739,24.6,0.14
239,Grant Jerrett,2013,40,80.75,82.25,86,109,34,143,28.5,137.5,232,10.1,8.5,9.25,2,11.85,3.51,412,2013,NBA,2,40,POR,19.359,F,us,Arizona,2015,2015,8,6.4,2,1.1,0.4,0.3,0.3,0.269,0.545,0.067,1,-0.1,-0.128
240,Jamaal Franklin,2013,41,76,77.25,83.25,103.5,NA,NA,NA,NA,191,8.3,8.5,8.25,NA,NA,NA,460,2013,NBA,2,41,MEM,21.347,G,us,San Diego State,2014,2015,24,7.3,1.8,1,0.4,0.2,0.1,0.415,0.393,0.462,1,0,-0.006
241,Pierre Jackson,2013,42,69.5,70.5,70,90,NA,NA,NA,NA,176,4.5,7.5,8.25,NA,NA,NA,366,2013,NBA,2,42,PHI,21.308,G,us,Baylor,2017,2017,8,10.5,4.4,1.1,2.4,0.3,0,0.333,0.357,0.273,0.857,0,0.021
242,Ricky Ledo,2013,43,76.75,78,79.25,102.5,33.5,136,27,129.5,197,10.3,8.5,9.25,4,10.72,3.32,416,2013,NBA,2,43,MIL,20.295,G,us,Providence,2014,2015,28,9.9,3.9,1.4,0.8,0.3,0,0.336,0.321,0.371,0.769,-0.6,-0.096
243,Mike Muscala,2013,44,82.25,83.5,85,108,33.5,141.5,28,136,230,6.8,8.5,9,5,11.76,3.44,97,2013,NBA,2,44,DAL,22.002,F-C,us,Bucknell,2014,2020,312,15.9,5.7,3.3,0.9,0.4,0.5,0.462,0.545,0.356,0.843,11.8,0.115
244,Erick Green,2013,46,73.5,75,77.75,98,NA,NA,NA,NA,178,4.4,8.5,9,5,NA,NA,388,2013,NBA,2,46,UTA,22.055,G,us,Virginia Tech,2015,2016,52,8.7,3.1,0.7,0.8,0.3,0,0.377,0.415,0.288,0.857,0.1,0.011
245,Ryan Kelly,2013,48,81.75,83.75,83.5,110,NA,NA,NA,NA,228,14.8,9,10,NA,NA,NA,306,2013,NBA,2,48,LAL,22.085,F,us,Duke,2014,2017,163,19.2,6,3.1,1.3,0.5,0.5,0.378,0.416,0.316,0.797,3,0.046
246,Erik Murphy,2013,49,80.75,81.5,82.5,108,29.5,137.5,24.5,132.5,240,8,8.75,9.75,13,12.19,3.57,423,2013,NBA,2,49,CHI,22.25,F,fr,Florida,2014,2014,24,2.6,0.3,0.3,0.1,0,0.2,0.231,0.3,0,NA,-0.1,-0.055
247,James Ennis,2013,50,77.75,79,83.5,104.5,36.5,141,29.5,134,201,4.5,8.5,8.75,7,11.55,3.4,140,2013,NBA,2,50,ATL,23.002,F,us,Cal State Long Beach,2015,2020,283,20.5,6.5,3.2,0.9,0.6,0.3,0.457,0.536,0.356,0.794,12,0.099
248,Lorenzo Brown,2013,52,76,77.25,79,100,34,134,28,128,189,4,8.25,8.5,8,11.78,3.4,459,2013,NBA,2,52,MIN,22.311,G,us,NC State,2014,2019,103,11.5,2.8,1.5,1.8,0.6,0.1,0.364,0.453,0.17,0.707,-0.2,-0.007
249,Colton Iverson,2013,53,82.5,84,86,110,NA,NA,NA,NA,263,9.6,9.25,9.5,12,NA,NA,501,2013,NBA,2,53,IND,24.004,C,us,Colorado State,NA,NA,NA,NA,NA,NA,NA,NA,NA,NA,NA,NA,NA,NA,NA
250,Peyton Siva,2013,56,71.5,73,75,93,41.5,134.5,33.5,126.5,181,6.1,8,9.75,15,10.59,3.16,436,2013,NBA,2,56,DET,22.252,G,us,Louisville,2014,2014,24,9.3,2.3,0.6,1.4,0.4,0,0.316,0.344,0.28,0.733,-0.2,-0.032
251,Deshaun Thomas,2013,58,77,79,82,104,32,136,28.5,132.5,220,9.1,8,8.75,5,12.94,3.53,504,2013,NBA,2,58,SAS,21.308,F,us,Ohio State,NA,NA,NA,NA,NA,NA,NA,NA,NA,NA,NA,NA,NA,NA,NA
252,Nerlens Noel,2013,6,82,83.75,87.75,110,NA,NA,NA,NA,206,4.2,9.5,10,NA,NA,NA,84,2013,NBA,1,6,NOH,19.083,C-F,us,Kentucky,2015,2020,306,22.7,8.1,6.4,1.2,1.4,1.4,0.525,0.526,0.25,0.634,17.2,0.119
253,Ben McLemore,2013,7,75.5,76.75,79.75,100.5,42,142.5,32.5,133,189,5,8.75,9.5,6,11.87,3.27,355,2013,NBA,1,7,SAC,20.141,G,us,Kansas,2014,2020,374,23.5,8.7,2.4,1.1,0.7,0.2,0.417,0.467,0.354,0.783,4.7,0.026
254,Kentavious Caldwell-Pope,2013,8,76.5,77.5,80,100.5,34.5,135,29,129.5,204,6.5,8.5,9,7,10.6,3.12,196,2013,NBA,1,8,DET,20.134,G,us,Georgia,2014,2020,476,29.7,11.8,3.3,1.6,1.2,0.2,0.412,0.471,0.345,0.799,24,0.082
255,Trey Burke,2013,9,71.75,73.25,77.5,97.5,36.5,134,29.5,127,187,6.9,8.25,8.75,3,11.2,3.16,274,2013,NBA,1,9,MIN,20.232,G,us,Michigan,2014,2019,361,23.6,10.9,2.1,3.6,0.6,0.1,0.408,0.445,0.34,0.8,10.2,0.058
274,Elfrid Payton,2014,10,74.5,75.75,80,98.5,35.5,134,31.5,130,185,5.7,8.75,9,NA,11.06,3.23,261,2014,NBA,1,10,PHI,20.129,G,us,Louisiana,2015,2020,346,29.5,11.1,4.3,6.5,1.3,0.3,0.453,0.477,0.307,0.632,13.4,0.063
275,Doug McDermott,2014,11,78.25,79.75,81.25,103,36.5,139.5,28.5,131.5,218,7.1,8.75,9.75,NA,11.1,3.29,232,2014,NBA,1,11,DEN,22.18,F,us,Creighton,2015,2020,347,19.9,7.7,2.1,0.8,0.2,0.1,0.457,0.498,0.403,0.824,10.5,0.073
276,Zach LaVine,2014,13,76.5,77.75,80.25,100,41.5,141.5,33.5,133.5,181,4.7,8.25,8.75,NA,10.42,3.19,315,2014,NBA,1,13,MIN,19.113,G,us,UCLA,2015,2020,300,30,16.2,3.4,3.5,0.9,0.2,0.446,0.48,0.374,0.822,8.2,0.044
277,T.J. Warren,2014,14,79,80.25,82.25,104,35.5,139.5,27,131,220,8,8.75,9,NA,11.1,3.26,184,2014,NBA,1,14,PHO,20.299,F,us,NC State,2015,2020,267,27.9,14.4,4.1,1.1,1,0.5,0.496,0.524,0.333,0.765,13.1,0.085
278,Adreian Payne,2014,15,81,81.75,88,109,NA,NA,NA,NA,239,7.6,9.25,9.5,NA,NA,NA,447,2014,NBA,1,15,ATL,23.133,F-C,us,Michigan State,2015,2018,107,13.1,4,2.9,0.6,0.4,0.3,0.406,0.43,0.254,0.68,-0.6,-0.019
279,James Young,2014,17,77.25,78.75,84,104,35.5,139.5,28,132,213,5.1,9,9.5,NA,NA,NA,307,2014,NBA,1,17,BOS,18.319,G-F,us,Kentucky,2015,2018,95,8.5,2.3,1,0.3,0.3,0.1,0.367,0.534,0.277,0.563,0.8,0.046
280,Tyler Ennis,2014,18,73,74.5,79.25,98,36,134,29,127,182,6.2,8.25,8.75,NA,11.12,3.3,356,2014,NBA,1,18,PHO,19.311,G,ca,Syracuse,2015,2018,186,12.6,4.2,1.3,1.9,0.5,0.1,0.419,0.458,0.317,0.768,1.3,0.026
281,Gary Harris,2014,19,74.5,76.5,78.75,96,NA,NA,NA,NA,205,4.6,8.5,9.5,NA,NA,NA,177,2014,NBA,1,19,CHI,19.29,G,us,Michigan State,2015,2020,318,28.5,12.4,2.6,2.1,1.2,0.2,0.459,0.524,0.365,0.801,16.2,0.086
282,Jordan Adams,2014,22,75.5,76.75,82,102,29.5,131.5,24.5,126.5,209,10.8,8.5,7.5,NA,12.13,3.5,239,2014,NBA,1,22,MEM,19.358,G,us,UCLA,2015,2016,32,8.2,3.2,0.9,0.6,0.6,0.2,0.402,0.409,0.385,0.607,0.4,0.07
283,Rodney Hood,2014,23,79.25,80.5,80.5,103,36,139,29,132,208,7.5,8.5,8.5,NA,11.21,3.38,167,2014,NBA,1,23,UTA,21.254,G-F,us,Duke,2015,2020,326,27.3,12.6,2.9,1.9,0.8,0.2,0.424,0.466,0.369,0.84,16.6,0.089
284,Shabazz Napier,2014,24,71,73,75.25,93,37.5,130.5,30.5,123.5,175,7.4,8.25,8.5,NA,11.6,3.2,248,2014,NBA,1,24,CHH,22.353,G,us,UConn,2015,2020,294,16.2,6.4,1.7,2.1,0.8,0.1,0.391,0.43,0.35,0.814,6.6,0.067
285,P.J. Hairston,2014,26,76.25,77.25,81,101,37,138,32,133,229,8.2,8.75,9.75,NA,11.12,3.32,367,2014,NBA,1,26,MIA,21.189,G-F,us,UNC,2015,2016,111,18,6,2.4,0.5,0.5,0.2,0.343,0.414,0.295,0.81,0.9,0.021
286,C.J. Wilcox,2014,28,75.5,77,81.75,100.5,37.5,138,31,131.5,201,6.5,8.75,9,NA,11.3,3.22,392,2014,NBA,1,28,LAC,23.184,G,us,Washington,2015,2017,66,5.7,2,0.5,0.5,0.2,0.1,0.37,0.397,0.333,0.813,0.1,0.007
287,Kyle Anderson,2014,30,79.5,80.5,86.75,107.5,NA,NA,NA,NA,230,13.4,8.25,8.75,NA,NA,NA,76,2014,NBA,1,30,SAS,20.284,F-G,us,UCLA,2015,2020,305,19.6,5.4,3.9,1.9,1,0.5,0.493,0.52,0.322,0.702,15.6,0.125
288,K.J. McDaniels,2014,32,76.5,78,83.25,102,37,139,33,135,196,4.5,8.75,9.75,NA,12.71,3.1,345,2014,NBA,2,32,PHI,21.142,G-F,us,Clemson,2015,2017,148,14.1,5.3,2.2,0.6,0.5,0.6,0.412,0.479,0.29,0.776,1.3,0.03
289,Joe Harris,2014,33,76.75,78.25,78,100,33.5,133.5,28.5,128.5,215,6.2,8.5,9.75,NA,11.11,3.31,178,2014,NBA,2,33,CLE,22.299,G,us,Virginia,2015,2020,268,22.8,9.5,2.9,1.5,0.4,0.2,0.478,0.538,0.432,0.796,10.9,0.086
290,Cleanthony Early,2014,34,78,79.25,82.75,101.5,40,141.5,34,135.5,209,4.5,8.5,9,NA,11.15,3.18,431,2014,NBA,2,34,NYK,23.076,F,us,Wichita State,2015,2016,56,14.3,4.3,2.2,0.8,0.5,0.3,0.346,0.4,0.263,0.75,-0.6,-0.039
291,Jarnell Stokes,2014,35,79,80.5,85.25,103.5,36,139.5,31,134.5,263,8.2,9.75,10.5,NA,11.92,3.26,9,2014,NBA,2,35,UTA,20.175,F-C,us,Tennessee,2015,2017,28,5.4,2.4,1.4,0.3,0.3,0.2,0.581,0.581,NA,0.531,0.6,0.202
292,Johnny O'Bryant,2014,36,79.25,80.5,86.25,105,35.5,140.5,31,136,257,10.8,9.25,9.5,NA,11.57,3.45,394,2014,NBA,2,36,MIL,21.03,F-C,us,LSU,2015,2018,147,11.5,3.5,2.4,0.5,0.2,0.1,0.402,0.406,0.36,0.663,0.2,0.006
293,DeAndre Daniels,2014,37,79.25,80.5,86,106.5,32,138.5,26.5,133,196,3.9,9.25,10.5,NA,11.46,3.44,507,2014,NBA,2,37,TOR,22.077,F,us,UConn,NA,NA,NA,NA,NA,NA,NA,NA,NA,NA,NA,NA,NA,NA,NA
294,Spencer Dinwiddie,2014,38,76.5,78,80.25,103,NA,NA,NA,NA,205,5.4,8.25,9,NA,NA,NA,127,2014,NBA,2,38,DET,21.086,G,us,Colorado,2015,2020,259,24.4,11.1,2.6,4.5,0.7,0.3,0.407,0.477,0.32,0.8,13.7,0.104
295,Jerami Grant,2014,39,78.5,79.75,86.75,107,NA,NA,NA,NA,214,3.8,9.25,9.25,NA,NA,NA,147,2014,NBA,2,39,PHI,20.111,F,us,Syracuse,2015,2020,389,24.1,8.8,3.9,1,0.6,1.2,0.461,0.522,0.331,0.654,18.3,0.094
296,Aaron Gordon,2014,4,79.5,80.75,83.75,105,39,144,32.5,137.5,220,5.1,8.75,10.5,NA,10.81,3.27,153,2014,NBA,1,4,ORL,18.288,F,us,Arizona,2015,2020,347,27.9,12.4,6.2,2.2,0.8,0.6,0.45,0.511,0.321,0.705,18.5,0.092
297,Glenn Robinson,2014,40,77.5,78.75,82,100.5,41.5,142,36.5,137,211,5.1,9,9.5,NA,11.22,3.15,234,2014,NBA,2,40,MIN,20.174,G-F,us,Michigan,2015,2020,225,14.8,4.5,2.2,0.6,0.4,0.2,0.441,0.482,0.361,0.735,5,0.072
298,Nick Johnson,2014,42,73.5,75,79.25,96.5,41.5,138,33.5,130,198,6.1,8.75,9.75,NA,10.8,3.27,446,2014,NBA,2,42,HOU,21.191,G,us,Arizona,2015,2015,28,9.4,2.6,1.4,0.4,0.3,0.1,0.347,0.389,0.238,0.68,-0.1,-0.02
299,Markel Brown,2014,44,74.5,75.5,80.75,100,43.5,143.5,36.5,136.5,184,4.2,8.25,9.75,NA,12.62,3.18,348,2014,NBA,2,44,MIN,22.154,G,us,Oklahoma State,2015,2018,113,15.9,5.2,2.1,1.2,0.6,0.2,0.38,0.427,0.295,0.781,1.1,0.029
300,Dwight Powell,2014,45,81.5,83,84.5,105,35,140,28.5,133.5,234,6.2,9,9.25,NA,11.28,3.2,14,2014,NBA,2,45,CHH,22.347,F-C,ca,Stanford,2015,2020,334,17.8,7.5,4.5,0.9,0.7,0.5,0.553,0.613,0.298,0.748,22.5,0.181
301,Jordan Clarkson,2014,46,75.25,77,80,98,38.5,136.5,33,131,186,4.3,8.25,9,NA,10.76,3.28,297,2014,NBA,2,46,WAS,22.024,G,us,Missouri,2015,2020,388,27.5,14.7,3.2,2.7,0.9,0.1,0.445,0.497,0.335,0.818,11.1,0.05
302,Russ Smith,2014,47,71.5,72.75,75.5,95,34,129,29.5,124.5,160,3.5,8.25,8.5,NA,11.57,3.27,421,2014,NBA,2,47,PHI,23.074,G,us,Louisville,2015,2016,27,4.9,2,0.6,0.7,0.3,0,0.319,0.387,0.188,0.769,-0.2,-0.068
303,Lamar Patterson,2014,48,76,77.25,83,101,32.5,133.5,27.5,128.5,226,10.8,9,9.25,NA,11.63,3.45,395,2014,NBA,2,48,MIL,22.324,G-F,us,Pitt,2016,2017,40,10.9,2.3,1.4,1.1,0.3,0.1,0.326,0.45,0.236,0.72,0.1,0.006
304,Cameron Bairstow,2014,49,80.75,81.75,84.75,107,33.5,140.5,31,138,252,8.7,8.75,9,NA,11.39,3.37,444,2014,NBA,2,49,CHI,23.207,F-C,au,New Mexico,2015,2016,36,4.6,1.2,1,0.2,0.1,0.1,0.296,0.306,0.2,0.846,-0.1,-0.021
305,Dante Exum,2014,5,76.5,78,81.5,103,34.5,137.5,31.5,134.5,196,6.4,8.5,9.5,NA,10.75,3.19,340,2014,NBA,1,5,UTA,18.353,G,au,NA,2015,2019,204,19.3,5.9,1.8,2.3,0.4,0.2,0.4,0.477,0.304,0.77,2.7,0.033
306,Alec Brown,2014,50,84.25,85.25,85.5,109,30,139,27,136,231,7.7,9.25,8.75,NA,12.05,3.48,508,2014,NBA,2,50,PHO,21.343,F-C,us,Green Bay,NA,NA,NA,NA,NA,NA,NA,NA,NA,NA,NA,NA,NA,NA,NA
307,Thanasis Antetokounmpo,2014,51,77.25,78.25,84,104.5,39.5,144,31.5,136,205,6.1,9,9.75,NA,11.39,3.18,1,2014,NBA,2,51,NYK,21.348,F,gr,NA,2016,2020,3,4,2.7,1,0.3,0,0,0.667,0.8,0,NA,0.1,0.304
308,Semaj Christon,2014,55,73.5,75.25,78.5,99,36.5,135.5,30.5,129.5,186,5.3,8.5,8.25,NA,11.55,3.32,396,2014,NBA,2,55,MIA,21.242,G,us,Xavier,2017,2017,64,15.2,2.9,1.4,2,0.4,0.1,0.345,0.406,0.19,0.548,0.1,0.006
309,Devyn Marble,2014,56,77,78.5,81,102,35,137,29,131,192,6.9,8.25,8.5,NA,11.32,3.28,438,2014,NBA,2,56,DEN,21.283,G-F,us,Iowa,2015,2016,44,10.4,2.2,1.6,0.7,0.5,0.1,0.304,0.377,0.222,0.375,-0.3,-0.028
310,Jordan McRae,2014,58,75.75,77.25,84.5,104,34.5,138.5,27.5,131.5,179,5.2,8.75,8.5,NA,11.07,3.39,292,2014,NBA,2,58,SAS,23.096,G,us,Tennessee,2016,2020,87,10.7,5,1.2,0.9,0.3,0.2,0.428,0.461,0.351,0.788,1,0.052
311,Xavier Thames,2014,59,74.25,75.5,76,96,32.5,128.5,29,125,187,6.4,8.25,9,NA,11.48,3.48,513,2014,NBA,2,59,TOR,23.164,G,us,San Diego State,NA,NA,NA,NA,NA,NA,NA,NA,NA,NA,NA,NA,NA,NA,NA
312,Marcus Smart,2014,6,74,75.25,81.25,99,36,135,33,132,227,10.6,9,8.75,NA,10.82,3.26,199,2014,NBA,1,6,BOS,20.117,G,us,Oklahoma State,2015,2020,346,28.5,9.3,3.5,3.9,1.5,0.4,0.372,0.436,0.311,0.764,16.6,0.081
313,Cory Jefferson,2014,60,79.75,81,84.5,105,37.5,142.5,33,138,218,5.3,8.75,9.75,NA,12.63,3.36,236,2014,NBA,2,60,SAS,23.188,F,us,Baylor,2015,2016,58,10,3.5,2.8,0.3,0.2,0.4,0.444,0.474,0.125,0.583,0.9,0.071
314,Julius Randle,2014,7,79.75,81,84,105.5,35.5,141,29,134.5,250,9.4,8.75,8.25,NA,11.45,3.27,151,2014,NBA,1,7,LAL,19.214,F-C,us,Kentucky,2015,2020,318,28.6,15.3,8.9,2.8,0.6,0.5,0.5,0.522,0.294,0.72,17.6,0.093
315,Nik Stauskas,2014,8,77.25,78.5,79.75,102,35.5,137.5,29,131,207,12.1,8.5,8.5,NA,10.79,3.27,352,2014,NBA,1,8,SAC,20.267,G,ca,Michigan,2015,2019,335,19.9,6.8,2.1,1.5,0.4,0.2,0.389,0.436,0.353,0.814,3.8,0.028
316,Noah Vonleh,2014,9,80,81.5,88.25,108,37,145,31,139,247,7.3,9.75,11.75,NA,11.45,3.28,221,2014,NBA,1,9,CHH,18.311,F,us,Indiana,2015,2020,304,17.6,5.1,5.4,0.8,0.4,0.4,0.456,0.496,0.312,0.686,8.6,0.077
333,Justise Winslow,2015,10,76.5,78.5,82.25,104.5,NA,NA,NA,NA,222,5.3,8.5,9.25,NA,NA,NA,277,2015,NBA,1,10,MIA,19.095,F,us,Duke,2016,2020,234,28.4,9,5.4,2.7,1,0.4,0.418,0.446,0.342,0.642,7.9,0.057
334,Myles Turner,2015,11,81.75,83.5,88,112,NA,NA,NA,NA,239,9.3,9.25,9.25,NA,NA,NA,56,2015,NBA,1,11,IND,19.097,C-F,us,Texas,2016,2020,284,28.1,12.9,6.7,1.2,0.7,2,0.495,0.522,0.368,0.771,22.5,0.135
335,Trey Lyles,2015,12,81,82.25,85.5,108,NA,NA,NA,NA,241,12.1,9.25,10.25,NA,NA,NA,222,2015,NBA,1,12,UTA,19.237,F,ca,Kentucky,2016,2020,294,17.6,7.5,4,1.1,0.4,0.3,0.43,0.496,0.328,0.706,8.3,0.077
336,Devin Booker,2015,13,76.5,77.75,80.25,102.5,34.5,137,27.5,130,206,8.3,8.75,9,8,10.22,3.28,283,2015,NBA,1,13,PHO,18.242,G,us,Kentucky,2016,2020,278,32.9,21.4,3.5,4.3,0.8,0.3,0.438,0.478,0.356,0.854,10.5,0.055
337,Cameron Payne,2015,14,72.75,73.5,79.25,97.5,35.5,133,30,127.5,183,6.3,8.5,8.25,NA,10.89,3.28,316,2015,NBA,1,14,OKC,20.326,G,us,Murray State,2016,2019,153,16,6,1.8,2.5,0.7,0.2,0.397,0.443,0.331,0.775,2.2,0.044
338,Kelly Oubre,2015,15,77.75,78.75,86.25,102.5,37,139.5,34.5,137,203,5.7,9,8.75,7,11.1,3.32,250,2015,NBA,1,15,ATL,19.203,F,us,Kansas,2016,2020,298,22.2,9.5,3.8,0.8,0.8,0.4,0.426,0.502,0.322,0.782,9.1,0.066
339,Terry Rozier,2015,16,72.75,74.25,80.25,98.5,38,136.5,33,131.5,190,5.6,8.25,8.75,7,10.88,3.15,172,2015,NBA,1,16,BOS,21.105,G,us,Louisville,2016,2020,278,20.2,7.9,3.6,2.4,0.7,0.2,0.382,0.407,0.354,0.774,10.2,0.087
340,Rashad Vaughn,2015,17,75.75,77,79,101,34,135,28,129,199,6.2,8,8.5,5,11.41,3.21,448,2015,NBA,1,17,MIL,18.317,G,us,UNLV,2016,2018,139,12,3,1.1,0.5,0.4,0.2,0.337,0.366,0.313,0.692,-0.6,-0.017
341,Sam Dekker,2015,18,79.75,81,83.5,106,34.5,140.5,25.5,131.5,219,7.5,8.5,9.25,5,10.71,3.28,195,2015,NBA,1,18,HOU,21.055,F,us,Wisconsin,2016,2019,200,15.5,5.5,3,0.8,0.5,0.2,0.478,0.57,0.288,0.606,5.4,0.083
342,Jerian Grant,2015,19,75.25,76.25,79.5,100,NA,NA,NA,NA,198,5.6,8.25,8.5,NA,NA,NA,200,2015,NBA,1,19,WAS,22.264,G,us,Notre Dame,2016,2019,273,18,6.1,1.9,2.9,0.7,0.1,0.412,0.465,0.324,0.771,8.3,0.081
343,D'Angelo Russell,2015,2,75.25,77,81.75,102,NA,NA,NA,NA,193,8.3,8.75,9.75,NA,NA,NA,324,2015,NBA,1,2,LAL,19.127,G,us,Ohio State,2016,2020,277,28.5,16.6,3.7,5.1,1.1,0.2,0.418,0.465,0.353,0.76,6.7,0.041
344,Delon Wright,2015,20,76.25,77.5,79.5,101.5,31,132.5,29.5,131,181,6.6,8,8.5,4,11.21,3.29,53,2015,NBA,1,20,TOR,23.065,G,us,Utah,2016,2020,204,19.4,7.5,2.8,2.8,1,0.4,0.451,0.499,0.34,0.798,11.3,0.137
345,Justin Anderson,2015,21,77.25,78.25,83.75,101,43,144,38,139,231,5,8.5,9.5,12,11.1,3.22,208,2015,NBA,1,21,DAL,21.223,G,us,Virginia,2016,2019,216,13.2,5.3,2.6,0.7,0.4,0.3,0.419,0.523,0.302,0.778,4.7,0.079
346,Bobby Portis,2015,22,81.5,82.5,86,108.5,31.5,140,25,133.5,246,8.9,9.5,9.25,5,11.71,3.56,185,2015,NBA,1,22,CHI,20.14,F,us,Arkansas,2016,2020,256,20.4,10.2,6.2,1.1,0.5,0.3,0.457,0.49,0.36,0.751,9.2,0.085
347,Rondae Hollis-Jefferson,2015,23,77.5,79,86,104,38,142,32,136,211,5,8.75,9.75,13,10.51,3.12,209,2015,NBA,1,23,POR,20.178,F,us,Arizona,2016,2020,235,23.5,9.9,5.9,2,1,0.6,0.444,0.468,0.223,0.738,9.1,0.079
348,Tyus Jones,2015,24,72.25,74,77,97,32.5,129.5,26.5,123.5,185,6.5,8.25,8.75,2,11.89,3.32,161,2015,NBA,1,24,CLE,19.05,G,us,Duke,2016,2020,252,17.8,5.1,1.5,3.4,1,0.1,0.417,0.463,0.327,0.807,8.4,0.09
349,Jarell Martin,2015,25,80,81.25,81.75,106.5,34.5,141,28.5,135,239,10.1,8.25,NA,19,11.12,3.27,290,2015,NBA,1,25,MEM,21.037,F,us,LSU,2016,2019,184,15.9,5.4,3.5,0.6,0.4,0.4,0.434,0.457,0.346,0.766,3.2,0.053
350,Larry Nance,2015,27,79.5,80.5,85.5,108,37.5,145.5,29,137,227,6.4,9,9.75,10,10.89,3.25,63,2015,NBA,1,27,LAL,22.18,F-C,us,Wyoming,2016,2020,265,22.9,7.8,6.5,1.7,1.2,0.5,0.536,0.566,0.294,0.698,16.6,0.131
351,R.J. Hunter,2015,28,76.5,78,82.5,104,33.5,137.5,27.5,131.5,185,6,8.5,8.25,1,10.97,3.26,294,2015,NBA,1,28,BOS,21.249,G,us,Georgia State University,2016,2019,45,8.8,3,1,0.4,0.4,0.1,0.371,0.523,0.295,0.818,0.4,0.051
352,Chris McCullough,2015,29,80.25,81,87.25,109,NA,NA,NA,NA,199,6.2,8.75,8.75,NA,NA,NA,286,2015,NBA,1,29,BRK,20.145,F,us,Syracuse,2016,2018,59,9,3.3,1.9,0.3,0.5,0.3,0.426,0.47,0.306,0.548,0.6,0.054
353,Kevon Looney,2015,30,80,81.25,87.5,110,NA,NA,NA,NA,222,11.9,9.5,9.25,NA,NA,NA,18,2015,NBA,1,30,GSW,19.144,F-C,us,UCLA,2016,2020,205,14,4.5,3.8,1,0.5,0.6,0.593,0.609,0.222,0.593,10.3,0.172
354,Montrezl Harrell,2015,32,79,79.5,88.25,109,NA,NA,NA,NA,253,11.9,9,9.75,NA,NA,NA,12,2015,NBA,2,32,HOU,21.155,F-C,us,Louisville,2016,2020,262,19.4,11.4,4.5,1.3,0.5,0.8,0.633,0.641,0.156,0.63,20.3,0.191
355,Jordan Mickey,2015,33,79,80.25,87.25,106,37.5,143.5,33,139,238,7.2,8.75,9.5,9,11.8,3.28,298,2015,NBA,2,33,BOS,20.356,F,us,LSU,2016,2018,64,7.5,2.4,2,0.3,0.1,0.4,0.449,0.496,0.118,0.605,0.5,0.05
356,Anthony Brown,2015,34,77.25,80.5,83.25,104.5,34.5,139,27.5,132,211,6.1,8.5,9,4,11.06,3.18,450,2015,NBA,2,34,LAL,22.263,F-G,us,Stanford,2016,2018,41,18.6,3.9,2.5,0.7,0.5,0.1,0.328,0.38,0.286,0.85,-0.2,-0.016
357,Rakeem Christmas,2015,36,80.25,81.75,89.25,110.5,NA,NA,29,139.5,243,9.6,9.25,NA,9,11.57,3.47,123,2015,NBA,2,36,MIN,23.212,F,us,Syracuse,2016,2017,30,7.5,2.1,1.9,0.1,0.1,0.2,0.467,0.467,NA,0.724,0.5,0.105
358,Richaun Holmes,2015,37,80.25,81.5,85.5,108,36,144,32.5,140.5,243,8.8,8.5,8.5,15,11.37,3.32,33,2015,NBA,2,37,PHI,21.258,F-C,us,Bowling Green,2016,2020,233,17.1,7.8,4.4,0.9,0.5,0.9,0.57,0.612,0.257,0.706,13,0.156
359,Pat Connaughton,2015,41,76,77.25,80.75,96,44,140,37.5,133.5,215,10.2,8.5,9.25,13,10.74,3.2,131,2015,NBA,2,41,BRK,22.175,G,us,Notre Dame,2016,2020,221,14.9,4.7,2.3,1.2,0.3,0.2,0.438,0.543,0.349,0.798,7,0.102
360,Olivier Hanlan,2015,42,75.25,76.25,78.5,100,34,134,28,128,186,4.3,8,8.75,19,11.36,3.25,516,2015,NBA,2,42,UTA,22.135,G,ca,Boston College,NA,NA,NA,NA,NA,NA,NA,NA,NA,NA,NA,NA,NA,NA,NA
362,Andrew Harrison,2015,44,76.5,77.5,81,100,33,133,26.5,126.5,213,5.9,8.25,9.25,NA,11.16,3.34,295,2015,NBA,2,44,PHO,20.245,G,us,Kentucky,2017,2019,145,20.6,7,2,2.8,0.7,0.3,0.373,0.422,0.294,0.779,3.2,0.051
363,Marcus Thornton,2015,45,73.75,74.75,79.75,97.5,43,140.5,34.5,132,177,5.3,8.25,8.5,3,10.96,3.02,182,2009,NBA,2,43,MIA,22.026,G,us,LSU,2010,2017,483,23.4,11.9,2.8,1.4,0.8,0.1,0.425,0.471,0.358,0.83,20,0.085
363,Marcus Thornton,2015,45,73.75,74.75,79.75,97.5,43,140.5,34.5,132,177,5.3,8.25,8.5,3,10.96,3.02,517,2015,NBA,2,45,BOS,22.141,G,us,College of William & Mary,NA,NA,NA,NA,NA,NA,NA,NA,NA,NA,NA,NA,NA,NA,NA
364,Norman Powell,2015,46,75,76.25,82.75,102.5,40.5,143,32.5,135,215,6.4,9.25,9,5,10.76,3.2,201,2015,NBA,2,46,MIL,22.036,G,us,UCLA,2016,2020,261,17,7.1,2.2,1.2,0.6,0.2,0.441,0.51,0.343,0.806,7.4,0.081
365,Dakari Johnson,2015,48,83,83.75,86,112,25,137,22.5,134.5,265,14.9,9.25,10.5,4,11.5,3.62,15,2015,NBA,2,48,OKC,19.281,C,us,Kentucky,2018,2018,31,5.2,1.8,1.1,0.3,0.2,0.3,0.564,0.564,NA,0.55,0.6,0.178
366,Aaron White,2015,49,79.75,80.75,83.5,106.5,35,141.5,30,136.5,220,8,8.25,9.25,7,11.62,3.38,519,2015,NBA,2,49,WAS,22.293,F,us,Iowa,NA,NA,NA,NA,NA,NA,NA,NA,NA,NA,NA,NA,NA,NA,NA
367,Tyler Harvey,2015,51,74.75,76,77.5,98.5,28.5,127,26,124.5,181,9.2,7.75,8.75,1,10.52,3.44,521,2015,NBA,2,51,ORL,21.348,G,us,Eastern Washington University,NA,NA,NA,NA,NA,NA,NA,NA,NA,NA,NA,NA,NA,NA,NA
368,Branden Dawson,2015,56,77.5,78.75,83,105,34.5,139.5,28.5,133.5,230,5.8,9,8.75,12,12.37,3.2,243,2015,NBA,2,56,NOP,22.149,F,us,Michigan State,2016,2016,6,4.8,0.8,0.7,0,0,0.2,0.4,0.4,NA,1,0,0.069
369,J.P. Tokoto,2015,58,77.25,78.25,82,100.5,40,140.5,34.5,135,196,4.1,8,8.75,12,11.01,3.27,527,2015,NBA,2,58,PHI,21.288,G-F,us,UNC,NA,NA,NA,NA,NA,NA,NA,NA,NA,NA,NA,NA,NA,NA,NA
370,Willie Cauley-Stein,2015,6,83.25,84.5,87,111,NA,NA,NA,NA,242,6.3,9.5,9,NA,NA,NA,87,2015,NBA,1,6,SAC,21.316,F-C,us,Kentucky,2016,2020,298,24,10.1,6.4,1.6,0.9,0.8,0.535,0.537,0.222,0.612,17.6,0.118
371,Stanley Johnson,2015,8,77,78.5,83.5,102,NA,NA,NA,NA,242,7.5,9,9,NA,NA,NA,357,2015,NBA,1,8,DET,19.031,F,us,Arizona,2016,2020,287,21.5,6.9,3.4,1.5,0.9,0.2,0.374,0.431,0.293,0.764,3.3,0.026
372,Frank Kaminsky,2015,9,83.75,84.75,83,109.5,NA,NA,NA,NA,231,9.4,8.5,9.5,NA,NA,NA,191,2015,NBA,1,9,CHO,22.087,F-C,us,Wisconsin,2016,2020,288,22.2,9.8,4,1.6,0.5,0.4,0.418,0.469,0.345,0.763,11.2,0.084
396,Thon Maker,2016,10,83.75,84.75,87,110.5,36.5,147,32,142.5,216,6.1,8.75,9.5,NA,11.15,3.33,210,2016,NBA,1,10,MIL,19.123,F-C,ss,NA,2017,2020,202,14.2,4.6,2.8,0.6,0.4,0.7,0.418,0.49,0.323,0.674,4.8,0.079
398,Denzel Valentine,2016,14,76,77.75,82.75,102,32,134,27,129,210,9.2,8.5,9.75,NA,10.51,3.46,304,2016,NBA,1,14,CHI,22.225,G,us,Michigan State,2017,2020,135,22.8,8,4,2.3,0.7,0.1,0.399,0.432,0.374,0.754,3.1,0.048
399,Justin Jackson,2016,15,79,80.25,82.75,103.5,34.5,138,29.5,133,193,7.6,8.75,8.75,NA,11.32,3.26,267,2017,NBA,1,15,POR,22.092,G-F,us,UNC,2018,2020,155,20.6,6.9,2.6,1.1,0.4,0.2,0.447,0.546,0.336,0.769,4.1,0.061
400,Wade Baldwin,2016,17,74.5,76,83.25,100,38,138,32.5,132.5,202,5.2,9,9.75,NA,10.45,3.19,439,2016,NBA,1,17,MEM,20.091,G,us,Vanderbilt,2017,2019,56,10.3,3.1,1.2,1.4,0.4,0.2,0.355,0.383,0.25,0.776,-0.3,-0.028
401,Henry Ellenson,2016,18,82,83.5,86.25,108,NA,NA,NA,NA,242,11.2,8.5,9.75,NA,NA,NA,362,2016,NBA,1,18,DET,19.166,F,us,Marquette,2017,2019,76,9.7,4.3,2.5,0.6,0.2,0,0.377,0.395,0.353,0.774,0.3,0.022
402,Malik Beasley,2016,19,75.5,76.5,79,100.5,NA,NA,NA,NA,190,6.9,8.5,9,NA,NA,NA,170,2016,NBA,1,19,DEN,19.214,G,us,Florida State,2017,2020,171,16,7.3,1.7,0.8,0.5,0.1,0.456,0.527,0.39,0.795,5,0.088
403,Caris LeVert,2016,20,77.75,79,82,101,NA,NA,NA,NA,191,7.6,8.5,9.25,NA,NA,NA,257,2016,NBA,1,20,IND,21.308,G-F,us,Michigan,2017,2020,174,25,11.4,3.6,3.4,1,0.3,0.438,0.498,0.329,0.706,5.8,0.064
405,Malachi Richardson,2016,22,76.75,78.25,84,101.5,38,139.5,33,134.5,200,7,8.75,10,NA,10.56,3.33,456,2016,NBA,1,22,CHO,20.175,G,us,Syracuse,2017,2019,70,8.9,2.8,1,0.3,0.2,0,0.358,0.415,0.301,0.783,-0.1,-0.009
406,Brice Johnson,2016,25,81,82.5,84.5,106.5,38,144.5,33.5,140,209,7.5,9,8.25,NA,11.88,3.2,264,2016,NBA,1,25,LAC,22.002,F,us,UNC,2017,2018,21,5.1,2.2,1.6,0.1,0.5,0.3,0.449,0.458,0,0.6,0.1,0.062
407,Caleb Swanigan,2016,26,79.5,80.5,87.5,107,29,136,26,133,247,12.6,9,10.25,NA,12.8,NA,433,2017,NBA,1,26,POR,20.07,F,us,Purdue,2018,2020,52,7.3,2.1,2.3,0.5,0.2,0.1,0.374,0.41,0.133,0.655,-0.3,-0.034
408,Pascal Siakam,2016,27,80.25,81.5,87.25,107.5,36.5,144,30.5,138,227,5.2,9.25,10,NA,11.25,3.41,42,2016,NBA,1,27,TOR,22.088,F,cm,New Mexico State,2017,2020,222,23.8,10.5,5.2,2,0.7,0.6,0.528,0.587,0.319,0.757,16.3,0.148
410,Jaylen Brown,2016,3,77.25,78.75,83.75,102.5,NA,NA,NA,NA,223,5.1,8.75,9,NA,NA,NA,202,2016,NBA,1,3,BOS,19.247,F-G,us,Cal,2017,2020,225,24.4,11.3,4,1.3,0.8,0.4,0.463,0.518,0.364,0.658,9.3,0.081
411,Damian Jones,2016,30,82.25,83.5,87.75,107,37,144,36,143,244,6.6,8.75,10.5,NA,11.35,3.2,57,2016,NBA,1,30,GSW,20.364,F-C,us,Vanderbilt,2017,2020,53,11.8,3.5,2.2,0.6,0.3,0.6,0.647,0.644,1,0.589,1.8,0.135
412,Josh Hart,2016,30,76,77.5,80.5,99.5,38.5,138,29.5,129,204,5.8,8.5,9.25,NA,11.15,3.2,186,2017,NBA,1,30,UTA,22.114,G,us,Villanova,2018,2020,136,24.6,8.1,4.1,1.3,0.9,0.4,0.437,0.532,0.364,0.713,5.9,0.085
413,Deyonta Davis,2016,31,81.25,82.5,86.5,108.5,NA,NA,NA,NA,237,9.7,9,9.25,NA,NA,NA,64,2016,NBA,2,31,BOS,19.208,C-F,us,Michigan State,2017,2019,107,12.1,4.2,3.2,0.4,0.2,0.6,0.599,0.601,0,0.635,3.6,0.131
414,Cheick Diallo,2016,33,79.5,81,88.5,107.5,35,142.5,31,138.5,219,5.6,8.5,9.75,NA,11.24,3.26,49,2016,NBA,2,33,LAC,19.288,F,ml,Kansas,2017,2020,136,12.4,5.4,4.5,0.4,0.3,0.4,0.587,0.589,0.25,0.75,5,0.142
415,Tyler Ulis,2016,34,68.75,70,74,88.5,38,126.5,32.5,121,149,5.2,7.5,7.5,NA,10.8,3.2,391,2016,NBA,2,34,PHO,20.175,G,us,Kentucky,2017,2019,133,20.9,7.5,1.7,4,0.9,0.1,0.403,0.439,0.28,0.808,0.5,0.008
416,Malcolm Brogdon,2016,36,75.75,77.5,82.5,98,35.5,133.5,30.5,128.5,223,5.4,9,10.25,NA,10.77,3.31,72,2016,NBA,2,36,MIL,23.2,G,us,Virginia,2017,2020,193,28.2,13.1,3.6,3.8,0.9,0.2,0.483,0.519,0.405,0.902,14.5,0.127
417,Chinanu Onuaku,2016,37,81,82,86.75,108.5,33.5,142,27.5,136,245,8.6,9,8,NA,11.65,3.5,320,2016,NBA,2,37,HOU,19.239,F-C,us,Louisville,2017,2018,6,12.3,3,2.3,0.7,0.5,0.2,0.583,0.583,NA,1,0.1,0.043
418,Patrick McCaw,2016,38,77.25,78.75,82,100.5,38,138.5,30,130.5,181,4.7,8.75,8.75,NA,11.01,3.3,278,2016,NBA,2,38,MIL,20.247,G,us,UNLV,2017,2020,159,15.5,3.7,1.5,1.2,0.6,0.2,0.422,0.516,0.299,0.784,2.9,0.057
419,Diamond Stone,2016,40,81,82.25,86.75,108.5,29.5,138,27,135.5,254,12.9,8.5,7.75,NA,12.02,3.5,409,2016,NBA,2,40,NOP,19.138,C,us,Maryland,2017,2017,7,3.4,1.4,0.9,0,0,0.1,0.231,0.231,NA,1,-0.1,-0.211
420,Stephen Zimmerman,2016,41,82.25,83.75,87.25,108.5,31,139.5,26,134.5,234,11.2,9,9,NA,12.08,3.43,463,2016,NBA,2,41,ORL,19.292,C,us,UNLV,2017,2017,19,5.7,1.2,1.8,0.2,0.1,0.3,0.323,0.323,NA,0.6,0,-0.005
421,Isaiah Whitehead,2016,42,75.25,76.5,80.75,100,35.5,135.5,27.5,127.5,210,9.3,8.5,8.75,NA,11.65,3.34,440,2016,NBA,2,42,UTA,21.113,G,us,Seton Hall,2017,2018,89,20.5,7.2,2.4,2.4,0.6,0.4,0.411,0.452,0.305,0.788,-0.9,-0.025
422,Zhou Qi,2016,43,85.25,86.25,91.75,112.5,32,144.5,31.5,144,218,4.9,9.25,9.5,NA,11.27,3.46,418,2016,NBA,2,43,HOU,20.164,F-C,cn,NA,2018,2019,19,6.6,1.3,1.2,0.1,0.1,0.7,0.212,0.357,0.105,0.667,-0.2,-0.093
423,Demetrius Jackson,2016,45,72,73.25,77.5,93,43.5,136.5,37.5,130.5,194,6.5,8.25,9,NA,10.81,3.25,173,2016,NBA,2,45,BOS,21.295,G,us,Notre Dame,2017,2019,26,5.2,1.8,0.7,0.7,0.3,0,0.486,0.609,0.286,0.667,0.2,0.087
424,Jake Layman,2016,47,80,81.25,81.25,102,39.5,141.5,33,135,209,7.1,8.25,9.25,NA,11.35,3.24,233,2016,NBA,2,47,ORL,22.114,F,us,Maryland,2017,2020,146,12.7,4.8,1.8,0.5,0.3,0.3,0.455,0.574,0.309,0.713,2.8,0.073
425,Michael Gbinije,2016,49,77.5,78.75,79.5,101,37.5,138.5,33.5,134.5,205,5.4,8,9,NA,11,3.12,410,2016,NBA,2,49,DET,24.024,G,us,Syracuse,2017,2017,9,3.6,0.4,0.3,0.2,0,0,0.1,0.167,0,1,-0.1,-0.136
426,Kris Dunn,2016,5,75,76.25,81.5,100,NA,NA,NA,NA,NA,NA,NA,NA,NA,NA,NA,372,2016,NBA,1,5,MIN,22.103,G,us,Providence,2017,2020,183,24,8.4,3.2,4.3,1.4,0.5,0.415,0.442,0.312,0.718,1.7,0.018
427,Georges Niang,2016,50,78.75,80.5,82,103,31,134,25,128,231,10.1,9.25,9.25,NA,11.64,3.49,211,2016,NBA,2,50,IND,23.012,F,us,Iowa State,2017,2020,97,7.2,3,1.2,0.5,0.2,0.1,0.44,0.532,0.364,0.844,1.1,0.079
428,Ben Bentil,2016,51,79.25,80.25,85.5,105,33,138,29,134,229,9.7,9.5,10,NA,11.16,3.3,404,2016,NBA,2,51,BOS,21.092,F,gh,Providence,2017,2017,3,3.3,0,0.7,0,0,0,0,0,0,NA,-0.1,-0.473
429,Joel Bolomboy,2016,52,79.5,81,85.75,103.5,40.5,144,37.5,141,224,5.2,9,10.25,NA,10.26,3.17,61,2016,NBA,2,52,UTA,22.152,F,ua,Weber State,2017,2018,18,5.1,1.7,1.5,0.1,0.2,0.1,0.545,0.647,0.2,0.5,0.3,0.132
430,Kay Felder,2016,54,68.25,69.5,74.5,88.5,44,132.5,35.5,124,177,5.8,8.25,8.5,NA,11.52,3.15,429,2016,NBA,2,54,ATL,21.092,G,us,Oakland,2017,2018,58,9.1,3.8,1,1.3,0.4,0.1,0.364,0.385,0.268,0.754,-0.4,-0.041
431,Marcus Paige,2016,55,72.5,73.75,78.25,97,39.5,136.5,33.5,130.5,164,4.3,7.75,8.75,NA,10.82,3.15,461,2016,NBA,2,55,BRK,22.291,G,us,UNC,2018,2018,5,5.6,2.4,0.8,0.6,0,0,0.286,0.333,0.25,1,0,-0.006
432,Daniel Hamilton,2016,56,78.25,80,81,103.5,29,132.5,26,129.5,197,6,9,8.5,NA,11.48,3.4,402,2016,NBA,2,56,DEN,20.325,G-F,us,UConn,2018,2019,25,9.3,2.8,2.1,1.2,0.3,0,0.394,0.419,0.357,0.5,0,0
433,Isaiah Cousins,2016,59,75.25,76.5,78.25,98.5,37,135.5,30.5,129,194,4.8,8.25,8.75,NA,10.79,3.24,535,2016,NBA,2,59,SAC,22.108,G,us,Oklahoma,NA,NA,NA,NA,NA,NA,NA,NA,NA,NA,NA,NA,NA,NA,NA
434,Jaron Blossomgame,2016,59,78.25,79.25,82,102,41,143,35,137,214,5.3,8.5,10,NA,11.53,3.2,347,2017,NBA,2,59,SAS,23.285,F,us,Clemson,2019,2019,27,16.3,4.2,3.6,0.5,0.3,0.3,0.443,0.552,0.256,0.769,0.3,0.03
435,Buddy Hield,2016,6,75.75,77,81.25,101,NA,NA,NA,NA,212,6.1,8.5,9,NA,NA,NA,237,2016,NBA,1,6,NOP,23.194,G,bs,Oklahoma,2017,2020,251,26.9,15,4,2,0.7,0.3,0.445,0.47,0.417,0.872,9.9,0.071
436,Marquese Chriss,2016,8,80.75,82,84.25,105,38.5,143.5,32.5,137.5,233,8.5,9,9,NA,11.93,3.26,349,2016,NBA,1,8,SAC,18.361,F,us,Washington,2017,2020,202,19,7.5,4.5,0.9,0.7,0.8,0.429,0.509,0.296,0.634,2.3,0.029
457,Zach Collins,2017,10,82.25,84,85,111,NA,NA,NA,NA,232,8.9,8.75,9.25,NA,NA,NA,238,2017,NBA,1,10,SAC,19.22,C-F,us,Gonzaga,2018,2020,146,17,5.7,3.8,0.9,0.3,0.7,0.442,0.503,0.324,0.73,3.7,0.071
458,Luke Kennard,2017,12,76.5,77.5,77.25,98.5,NA,NA,NA,NA,196,6.6,8,8.75,NA,NA,NA,168,2017,NBA,1,12,DET,21.003,G,us,Duke,2018,2020,143,21.8,9,2.6,1.8,0.5,0.2,0.441,0.473,0.406,0.856,5.8,0.089
459,Donovan Mitchell,2017,13,73.25,75,82,97,40.5,137.5,36.5,133.5,211,5.9,8.5,9.5,NA,11.53,3.01,132,2017,NBA,1,13,DEN,20.293,G,us,Louisville,2018,2020,163,33.6,22.2,4,3.9,1.5,0.4,0.438,0.486,0.353,0.804,11.7,0.102
460,Bam Adebayo,2017,14,80.75,81.75,86.75,108,38.5,146.5,33.5,141.5,243,5.2,9.5,8.75,NA,11.94,3.24,24,2017,NBA,1,14,MIA,19.344,C-F,us,Kentucky,2018,2020,157,22.1,8.2,6.6,2,0.7,0.7,0.551,0.563,0.154,0.722,12,0.166
461,Justin Patton,2017,16,82,83.25,87,111.5,30.5,142,26,137.5,229,7.8,8.75,9.75,NA,11.8,3.46,449,2017,NBA,1,16,CHI,20.013,C,us,Creighton,2018,2020,5,6.2,1.4,1.6,0.6,0.6,0,0.273,0.375,0,0.5,0,-0.017
462,D.J. Wilson,2017,17,80.75,82.5,87,109.5,NA,NA,NA,NA,234,6.4,9.25,10.25,NA,NA,NA,162,2017,NBA,1,17,MIL,21.129,F,us,Michigan,2018,2020,72,13.3,4.2,3.3,0.8,0.3,0.3,0.421,0.478,0.363,0.551,1.8,0.09
463,T.J. Leaf,2017,18,80.75,81.75,83,107,34.5,141.5,29,136,222,6.8,8.5,9.5,NA,11.55,3.27,106,2017,NBA,1,18,IND,20.058,F,il,UCLA,2018,2020,116,9,3.5,2,0.3,0.1,0.2,0.499,0.541,0.354,0.633,2.5,0.113
464,John Collins,2017,19,80.25,81.5,83.25,106.5,37.5,144,33,139.5,225,5.4,9,10,NA,11.66,3.27,34,2017,NBA,1,19,ATL,19.277,F,us,Wake Forest,2018,2020,140,27,14.6,8.4,1.6,0.5,0.9,0.564,0.603,0.357,0.742,12.1,0.154
465,Harry Giles,2017,20,81.25,82.5,87.25,109.5,32.5,142,27,136.5,232,5.2,9.5,10.75,NA,11.08,3.34,280,2017,NBA,1,20,POR,19.066,F-C,us,Duke,2019,2019,58,14.1,7,3.8,1.5,0.5,0.4,0.503,0.512,0,0.637,1,0.056
466,Terrance Ferguson,2017,21,77.5,79,80.75,103,38,141,28.5,131.5,184,5.8,8.5,10,NA,11.16,3.32,235,2017,NBA,1,21,OKC,19.041,G-F,us,NA,2018,2020,141,20.1,5.1,1.4,0.7,0.5,0.2,0.424,0.571,0.355,0.762,4.2,0.072
467,Jarrett Allen,2017,22,81,82.25,89.25,109.5,35.5,145,31.5,141,234,7.4,9.5,10.5,NA,11.82,3.21,31,2017,NBA,1,22,BRK,19.067,C-F,us,Texas,2018,2020,158,23.4,9.5,7.1,1,0.5,1.4,0.589,0.615,0.183,0.722,12.2,0.159
468,OG Anunoby,2017,23,78.25,79.75,86.25,107.5,NA,NA,NA,NA,232,6.8,9.25,9.5,NA,NA,NA,163,2017,NBA,1,23,TOR,19.345,F,gb,Indiana,2018,2020,147,20.7,6.7,2.9,0.7,0.7,0.3,0.468,0.59,0.356,0.598,5.7,0.09
469,Tyler Lydon,2017,24,80.25,81.5,84,107.5,33.5,141,29.5,137,215,13.6,8.75,8.75,NA,11.68,3.46,193,2017,NBA,1,24,UTA,21.079,F,us,Syracuse,2018,2019,26,3.7,0.9,0.7,0.2,0.1,0,0.5,0.625,0.4,0.333,0.2,0.084
470,Kyle Kuzma,2017,27,80,81.5,84.25,107.5,34,141.5,27,134.5,223,9.4,8.5,9.5,NA,10.72,3.25,240,2017,NBA,1,27,BRK,21.339,F,us,Utah,2018,2020,149,31.9,17.2,5.8,2.1,0.6,0.4,0.453,0.533,0.333,0.732,7,0.07
471,Tony Bradley,2017,28,81.25,82.75,89,112.5,27.5,140,24.5,137,249,12,9.5,9.5,NA,11.79,3.44,41,2017,NBA,1,28,LAL,19.17,F-C,us,UNC,2018,2020,16,5.6,2.6,2.2,0.1,0.1,0.3,0.486,0.5,0,0.7,0.3,0.15
472,Derrick White,2017,29,75.25,76.5,79.5,101.5,36.5,138,35.5,137,190,6.2,8.25,8.5,NA,10.84,3.08,98,2017,NBA,1,29,SAS,22.361,G,us,Colorado,2018,2020,90,22.3,8.9,3.2,3.1,0.8,0.6,0.486,0.527,0.371,0.77,4.8,0.115
473,Frank Jackson,2017,31,74,75.5,79.5,98,42,140,35.5,133.5,202,6.7,8.25,9,NA,10.94,3.14,369,2017,NBA,2,31,CHO,19.054,G,us,Duke,2019,2020,67,19.1,8.4,2.1,1.2,0.4,0,0.437,0.511,0.32,0.75,0.6,0.021
474,Davon Reed,2017,32,76.5,77.5,84,102,36,138,28.5,130.5,206,6.5,9.25,9.5,NA,11.37,3.34,432,2017,NBA,2,32,PHO,22.017,G,us,Miami (FL),2018,2019,31,9.3,2.4,1.5,0.5,0.4,0.1,0.307,0.304,0.31,0.667,-0.2,-0.039
475,Wesley Iwundu,2017,33,77.5,78.75,85,105.5,36,141.5,31.5,137,193,4,8.75,9.5,NA,11.25,3.36,293,2017,NBA,2,33,ORL,22.19,F,us,Kansas State,2018,2020,131,17.3,4.4,2.5,1,0.5,0.3,0.417,0.457,0.302,0.787,2.4,0.052
476,Frank Mason,2017,34,71,72,75.25,94,41,135,34,128,189,4.3,8,9.25,NA,11.41,3.18,350,2017,NBA,2,34,SAC,23.086,G,us,Kansas,2018,2019,90,15.8,6.8,1.9,2.6,0.6,0.2,0.392,0.426,0.3,0.773,0.9,0.029
477,Ivan Rabb,2017,35,80.75,82,85.5,109,32.5,141.5,28.5,137.5,220,6.8,8.75,9,NA,12.68,3.35,77,2017,NBA,2,35,ORL,20.143,F,us,Cal,2018,2019,85,14.6,5.7,4.3,1,0.3,0.3,0.555,0.57,0.2,0.743,3.2,0.125
478,Semi Ojeleye,2017,37,77.25,78.75,81.75,102,40.5,142.5,35,137,241,5.5,8.75,9.5,NA,10.58,3.16,296,2017,NBA,2,37,BOS,22.205,F,us,SMU,2018,2020,134,13.5,2.9,1.9,0.3,0.2,0.1,0.38,0.489,0.312,0.612,1.9,0.051
479,Jordan Bell,2017,38,79,80.5,83.75,104.5,38,142.5,31.5,136,224,5.4,9.25,9.5,NA,10.63,3.21,60,2017,NBA,2,38,CHI,22.172,F,us,Oregon,2018,2020,128,12.7,3.9,3.2,1.4,0.4,0.8,0.573,0.582,0,0.651,4.5,0.133
480,Jawun Evans,2017,39,70.75,71.5,77.5,95,33.5,128.5,27.5,122.5,185,9.1,8,7.75,NA,11.34,3.21,442,2017,NBA,2,39,PHI,20.336,G,us,Oklahoma State,2018,2019,56,15.1,4.2,1.7,2,0.7,0.1,0.345,0.367,0.263,0.776,-0.4,-0.022
481,Dwayne Bacon,2017,40,76.75,78.25,82,103.5,36.5,140,30,133.5,222,7.9,8.75,10,NA,11.7,3.22,353,2017,NBA,2,40,NOP,21.302,G,us,Florida State,2018,2020,102,16.1,5.6,2.4,1,0.3,0.1,0.422,0.449,0.355,0.753,1,0.028
482,Tyler Dorsey,2017,41,75,76.5,77.25,99.5,36,135.5,30.5,130,183,4.7,8.5,9.25,NA,10.55,3.16,346,2017,NBA,2,41,ATL,21.13,G,us,Oregon,2018,2019,104,16.1,6.7,2.3,1.3,0.3,0.1,0.389,0.429,0.35,0.669,1,0.03
483,Thomas Bryant,2017,42,81.5,82.75,90,112.5,33,145.5,25.5,138,248,9.4,9.5,10.25,NA,11.42,3.37,27,2017,NBA,2,42,UTA,19.331,C,us,Indiana,2018,2020,92,18.6,9.1,5.7,1.2,0.3,0.9,0.591,0.671,0.304,0.769,5.9,0.165
484,Damyean Dotson,2017,44,76.5,77.5,81,100,38,138,31.5,131.5,205,5.3,8.5,9.25,NA,11.18,3.13,325,2017,NBA,2,44,NYK,23.053,G,us,Oregon,2018,2020,120,20.8,8.1,2.9,1.4,0.6,0.1,0.422,0.477,0.362,0.734,2.1,0.041
485,Dillon Brooks,2017,45,77,78,78,100.5,37.5,138,31,131.5,220,7.5,8.25,9.25,NA,11.14,3.21,363,2017,NBA,2,45,HOU,21.157,F-G,ca,Oregon,2018,2020,105,26.8,10.4,2.9,1.5,0.8,0.2,0.434,0.47,0.364,0.751,1.3,0.022
486,Ike Anigbogu,2017,47,80.5,81.75,90.25,110.5,32.5,143,29.5,140,252,5.4,9.5,10,NA,12.52,3.44,279,2017,NBA,2,47,IND,18.253,F-C,us,UCLA,2018,2019,14,2.6,0.9,0.9,0.1,0.1,0.3,0.333,0.333,NA,0.833,0,0.057
487,Sindarius Thornwell,2017,48,75.5,76.75,82,103,30.5,133.5,27,130,212,7.8,8.75,8.75,NA,11.48,3.36,338,2017,NBA,2,48,MIL,22.225,G,us,South Carolina,2018,2019,137,10.7,2.5,1.3,0.6,0.5,0.2,0.415,0.442,0.342,0.689,1,0.034
488,De'Aaron Fox,2017,5,74,75.25,78.5,100,NA,NA,NA,NA,170,4.5,8.5,8.5,NA,NA,NA,291,2017,NBA,1,5,SAC,19.189,G,us,Kentucky,2018,2020,161,29.8,14.7,3.3,5.9,1.3,0.4,0.437,0.461,0.345,0.725,5.3,0.053
489,Monte Morris,2017,51,73.25,74.5,76,96.5,33.5,130,28,124.5,175,6.9,8.25,8.75,NA,11,3.19,45,2017,NBA,2,51,DEN,22.001,G,us,Iowa State,2018,2020,91,23,9.9,2.2,3.5,0.9,0,0.485,0.516,0.416,0.811,6.4,0.147
490,Edmond Sumner,2017,52,76,77.75,81,102.5,NA,NA,NA,NA,176,8.3,8.25,9,NA,NA,NA,299,2017,NBA,2,52,NOP,21.179,G,us,Xavier,2018,2020,27,10.3,3.3,1,0.6,0.6,0.2,0.386,0.472,0.233,0.621,0.3,0.049
491,Kadeem Allen,2017,53,73,74.25,81.25,99.5,35.5,135,33,132.5,192,6.4,8.5,8.75,NA,11.24,3.15,205,2017,NBA,2,53,BOS,24.164,G,us,Arizona,2018,2019,37,14.1,5.6,1.7,2.4,0.5,0.2,0.436,0.466,0.362,0.778,0.9,0.08
492,Alec Peters,2017,54,79.25,80.75,82.75,105,NA,NA,NA,NA,232,8.8,8.75,10,NA,NA,NA,285,2017,NBA,2,54,PHO,22.076,F,us,Valparaiso,2018,2018,20,11.3,4.1,1.9,0.6,0.1,0.1,0.378,0.625,0.31,0.8,0.3,0.055
493,Nigel Williams-Goss,2017,55,73.5,75,79.25,99,34.5,133.5,27.5,126.5,190,5.6,8.75,9.25,NA,10.42,3.19,407,2017,NBA,2,55,UTA,22.285,G,us,Gonzaga,2020,2020,3,2.3,0,0,0.3,0,0,0,NA,0,NA,0,-0.249
